-0.37215941569318806,0.008549756647710072
-0.32360400622255536,-0.23083059045399856
-0.008633339543926782,0.11166697406721607
0.08791935545303353,0.7324857698970751
-0.28524332338273295,0.834390690743317
-0.12443630998743754,-0.8520457419550659
-0.29704875594238905,0.008397444650537917
-0.044470019113191504,-0.5612421617889644
-0.29989940976468943,-0.018559093865855886
0.05044899401513732,-0.8254739987241912
-0.29832440675769206,0.772495020607145
-0.3544692372868309,-0.42312036612304454
0.023705914400856166,-0.5808462433625855
0.07649676985734975,0.9799123613423689
0.013135890855996842,0.04902268567925202
-0.3276762979374125,0.09796063806076157
0.03779995359002265,0.3179089854304808
-0.26842481058107737,-0.7909367165179899
-0.3460385245028042,0.8831162672118092
-0.22814768769621263,0.47087742167519536
-0.031131489957366424,-0.4351777118817293
0.006740961979026041,-0.575212833442788
0.12964306839436546,-0.8021032058716462
-0.4570113281810035,0.17342018918711916
-0.2109548046839892,-0.9147297181341475
-0.36696381429137753,-0.0408191052529377
0.06085277200955022,-0.33566870781832064
-0.09132790868221882,0.47392855140620394
-0.2571180509057534,-0.7268477778148461
-0.2501565311202016,0.5782576506602908
-0.30062336260371786,-0.22470576446926632
-0.2775404276311042,0.5106208509288708
-0.2513228799284677,-0.40510250179955704
-0.07595547243083087,-0.19324504758358285
-0.0008093649595223437,0.9761993668096708
-0.13229351650043542,0.701824162209848
-0.16780949466865994,-1.0005380802811044
-0.24533358655206208,0.9124536753246387
-0.10956263920785075,-0.25374062129357794
-0.20665504025717923,-0.6475587203335095
-0.3262475811030874,-0.8068094900994096
-0.08926561171174392,0.41949632725117925
-0.04339518527026545,-0.2338371065926715
-0.19432452160224245,-0.30696181932956274
-0.2569185386319948,-0.43307933033619833
-0.32211976284364063,0.9888817216767289
-0.2027732562748823,0.48681553093655117
0.14486663738541772,-0.8897284492934678
-0.23353190468061288,-0.9194221334733592
-0.31122606457948476,0.2101180983762406
-0.00843132745388063,-0.5548171974799775
-0.02372982686757322,-0.4904318233296956
-0.10081736690859,0.3546427191418784
-0.03956898664229071,-0.3259700666728639
-0.031643850158415525,-0.6564493914189885
-0.1090072140066344,0.8836599922318304
0.17121145478116206,-0.7592167311808896
0.16117134204708675,-0.6603429645006814
-0.35529295166817226,-0.7424467943486569
-0.21639047983267734,0.6319068577413482
-0.06768918802151942,0.570000225151489
-0.032937560285149874,0.7226288930936894
-0.4472006005851061,0.0434288442477287
-0.14483432692980594,-0.7666349200324065
-0.1576423699043416,0.8942956968592166
-0.2337499176647494,0.6964042396585736
-0.10917409717362202,0.1475446057447508
-0.3693455925229054,0.022888065736846177
-0.2411858615372635,0.6211160095312046
-0.30529542089368217,-0.6354040866405996
0.012298297272044787,-0.03079357354977124
0.0684721161758165,0.19162350695667327
-0.26643174231218464,-0.0039021882797659166
-0.2557995138431215,0.7988114983183686
-0.090861861443981,-0.07370784808515198
-0.41613161887949474,-0.054765342040144445
-0.0972354128310412,-0.6903238739315898
-0.2934526683069773,0.37131750878200354
-0.4259591966545663,-0.5898058805106866
0.05175987641195254,-0.27040256673728774
-0.010429517604447758,1.0043018709045923
0.13910284148363314,-0.41336741890446543
-0.19784103936587416,-0.6764065181105983
0.014395818615591548,0.7568547294070371
-0.260347908489146,-0.813804265801902
0.0666357605282373,-0.5289450382300315
-0.4198060295154148,0.13862882482292374
-0.4240656034595418,-0.2187650437967644
-0.09689832127415707,-0.14915443821033839
-0.16530053613699164,-0.21577016356959847
-0.13871022667937755,0.4102732426572626
-0.2655953392473265,0.7886200255828957
-0.20522731955485043,-0.654315700421823
0.05859487295089298,-0.6935871327327389
-0.18797108721137676,-0.022075592695473475
-0.13074525478604915,0.9951119663504043
-0.4100516096015726,-0.056530883364288124
-0.34821931759340163,-0.6467722784561944
-0.12910436764973313,0.16313975791120586
0.013925604592155874,-0.14598104596935052
-0.21835132532173587,-0.20046387140046742
-0.05625413747007529,-0.9832745527446699
0.06225172386267458,0.6003234191874135
0.01865072727617343,-0.1614357395808614
-0.16139419373853273,-0.06907268404276595
-0.0009415260204159449,0.3974641601857596
-0.051858888647474524,-0.3901483284785444
0.11677113996119867,0.8225172350103008
-0.19281165811254217,-0.41642798938559045
-0.21446069998263645,0.7570860509752503
-0.06946331859947005,0.5211401929025962
-0.10820338322094776,-0.2855216910787453
-0.19242782497824276,0.7443193244125771
-0.03201949582905805,-0.68709177680671
-0.08924620682233911,0.011982072046736628
-0.3225911376360529,-0.7053013079346889
0.029936400612521917,-0.7630038592155298
0.2122559719900352,-0.7437698880146464
-0.16162468867050164,-0.11635761239964185
-0.0570898228802379,-0.7727570358174791
-0.21610329177284204,0.9261746529223615
-0.32005258322851643,-0.016307669632300372
-0.04904318584879199,0.2072887874156055
-0.3093961027926896,1.0419807921743973
-0.22580798098941984,-0.6766896976033352
-0.25789523848406026,-0.7680766600888425
-0.03764526406455425,-0.9047729145709952
-0.11237755815610986,0.4085334510878076
-0.28681508706490216,-0.7469431281011456
-0.1721178402202851,-0.24833179705843292
-0.2955771150588639,-0.42529571234696134
-0.22785260412934655,-0.6996826222862953
-0.41070933937862397,-0.5197862396300392
-0.04922328190285338,0.2254045959606126
-0.2299571178810196,-0.7613199429097343
-0.20163713959348784,0.11338351260771057
-0.0993865977457917,0.7573581956692629
-0.3228877740982854,0.48447757591845475
-0.26605785191096615,0.602058934346127
-0.29636295529017126,0.90140257910245
0.11621932907566716,0.5873825391677183
-0.11161223381017485,0.09558518138352842
-0.022650464270528827,-0.32906330914773085
-0.24585222132902754,-0.15494014681482268
-0.13109203230421262,0.13086203332534102
0.045827730045670936,0.35864105684629216
-0.07699880329128116,-1.028274649460193
-0.224622061840551,0.21560689252375786
0.00873535943344333,-0.4161967995923792
-0.42507051579486665,0.6372754094684853
-0.12088109672629568,0.10976937683867362
0.010352181032878513,0.17313091659525692
-0.13271735353585226,0.5598225260820748
0.05337916339903345,1.0303580551065075
0.11242413461195011,0.5822603979655115
-0.09884778351924113,0.3015994517735444
-0.3267272837840611,0.6251512780008572
-0.3068435338250125,-0.05641983307503976
-0.0740556739174386,0.006285488362370615
0.04411153718879651,0.721191218374397
-0.13003742968154963,-0.535503571768559
0.051442793887044556,-0.8206282752104218
-0.18798645675429634,0.6988227739881617
-0.13522866739360243,-0.4018974957546245
-0.243997912981409,0.9723599322004547
-0.14248455829190615,0.9006640330979133
0.09167898651593762,0.10980600825217254
-0.20590047019119456,0.03426766879805075
-0.004133440732244338,0.5773692344670942
-0.27633549835260185,-0.1278740055396282
-0.13740699125993036,-0.5405655215657477
0.04041096563322427,0.35686526573076544
-0.053895435627552106,-0.6906274766039067
-0.21232046701941965,-0.6349755579150576
-0.19660544884260694,0.5234572430300045
-0.20220998159841852,-0.08024155786128627
0.07365083300769427,-0.09298963840887181
-0.17895724618112907,0.24556232481208556
-0.032610523818186535,0.018211822766908144
-0.08776669853346361,0.5332470448821705
-0.19127682108981195,0.34630636500240725
-0.016770061590003525,-0.6434600160167352
0.13271022939845725,0.052826932181682586
0.1113924646277298,0.6849148231710157
-0.18745648235275486,0.18424436174979372
-0.28807585286183135,-0.9264759950815318
-0.0761573479815436,0.27947727634221614
-0.2727057287166146,-0.624664606937759
-0.16728482082745935,0.0511827966553397
0.002513015248525313,0.07721829009559875
0.019941825557651553,-0.10314704959064515
-0.19472831824304626,-0.4291348682990404
-0.25282356434394004,0.9507180275446718
-0.20083136907910085,0.2706998131363429
-0.09800670460003129,-0.3725555440349746
-0.02039313767495299,0.6934097218898087
-0.29062991859125475,0.49136206808354677
-0.3115944653500955,0.07368921549048389
-0.026947512217884526,-0.8049375405324173
-0.03473961811931995,0.056608673175649646
-0.04180408826103101,-0.517319140895103
-0.3709851275362217,0.6195747619870512
-0.2815211802962051,0.9114842581215377
-0.23877763085065337,-0.5726255210051422
0.04498044723139619,0.869720846323663
-0.28877067780387294,-0.7182130642785266
-0.015365734881360772,0.03971872339010947
-0.05505213997608936,0.9850189068715506
-0.2596724949432638,-0.0065405226167584846
-0.21230644400964893,-0.2116878455601383
-0.23478881107771973,0.6048883065651797
-0.06922441249225741,0.5564612674625223
-0.14728421897431102,0.7686186512703884
-0.24126398814572475,-0.48128597711412574
-0.13942769355260004,0.7633114331358849
0.033094676592241995,-0.4242371333771046
-0.24341099667746077,-0.2040744895354123
-0.1992318331867745,0.8189732708565386
-0.11530750701963097,0.7115219325078631
0.12369558433370792,-0.3709603310703252
-0.0907118719233771,-0.6185979810284625
-0.04042958269985737,-0.4737113886683145
-0.03179820084426277,-0.22668672337499324
-0.12914973819341613,0.36464269476838507
0.1071508290985994,0.9714768283519755
-0.17744428686293942,0.400475699401001
-0.213760565239472,-0.47223572188411206
0.09948549963264357,-0.3854828103300633
-0.13323256863265565,0.8910628443373092
-0.04818635700996963,-0.40988439156322365
0.019039216637771444,-0.31929397166093154
-0.13795879106460116,0.6907203711272409
-0.2208017484632982,0.6535297877467935
-0.4295812377154773,0.9826098952070164
0.08881812921048554,0.2789459013995884
0.007326912817951482,-0.8849023066291262
-0.25272314436443233,0.39526320930567116
-0.35917910095219324,0.28526012568160375
-0.29068329728324555,0.2314217916109735
0.009123848486978491,0.45702278340786356
-0.12359783402640415,0.026657441499045108
-0.0076147650945767595,-0.8773067387603503
-0.10513289167195171,0.6436066532465526
-0.23135659757325452,-0.7874340242661013
0.07778672723260693,0.5549830218717592
-0.1763059303085344,-0.2198373539804995
-0.3025313140572119,0.4105659529905461
-0.14304908203183123,-0.7970271706243078
0.041393481949140026,-0.9973628132744472
-0.3144019662470644,-0.44918797309016445
-0.08830026647193602,-0.9517186987509493
-0.21427353377215025,0.21887505708967542
-0.1544446003955986,-0.41083653022207434
-0.2544272691345641,0.2591654830885162
0.04707656462086889,0.873233957898092
-0.07467919027727687,0.2786833246092128
-0.19464856267295536,0.4589992251108766
-0.13742645228097528,0.8083366092562105
-0.33863050640826836,0.9844243091883731
-0.3211142477495381,-0.1208426614831856
-0.23128751883593626,0.5882004571227434
-0.1840104164671038,0.005851074075791475
-0.2949774202351099,0.6788617393704303
-0.25198723656489297,0.9232298468725202
-0.06290919984563031,-0.5011613757696233
0.06895870838943416,0.24639389955143914
0.053397766285942894,0.7809404685249446
-0.179170604323898,0.47588594635547926
0.07729314259569539,-0.6467250124765795
-0.12039414931039866,0.5474272633472891
-0.09682013407161516,-0.23100650695001088
-0.2179626929438827,0.2881663346869409
-0.03509587836979278,-0.4693196556766774
-0.12109222521879981,-0.6818643524815681
-0.31691084486209786,-0.39881127959693635
-0.012599277985349655,-0.2792395135918887
-0.10793910559427367,0.7699990185597023
-0.035845395355550536,0.5440083469517413
-0.20157562952494956,-0.6776694240154768
-0.29707594082984456,-0.2472037693813621
0.02253935756983061,-0.2829404666033522
0.018957662006187315,-0.07734602737761416
0.00879874898632338,-0.43506053785321097
-0.18847320798772693,-0.6316506552620511
-0.0598161122237062,0.21052252928563564
-0.17482289825854636,-0.23979948607906898
0.014632125262566853,0.495045912420015
0.05900661031934851,-0.7202113340382075
-0.0772877112391791,0.5567769587909188
-0.29868003179402625,0.774986497207192
-0.12174186569691192,-0.9428296231639968
-0.11478688707347562,0.4276332359166831
0.05959962166426214,-0.9243441053787437
-0.01600742130856181,-0.07740039113442773
-0.061474208462376834,0.804860713873302
-0.032611487049408416,0.7649260548049703
-0.04954798518598891,-0.5794940966765972
-0.17918147808922402,-0.484714800220253
-0.16687677930148936,-0.06172232772490747
-0.03812662546622447,-0.554484658907815
-0.11173447813984494,-0.6175080302910515
0.08383100001374666,0.9353545047785785
0.0532185660193375,-0.18913260240458266
0.007638310060533393,0.7259971721149756
0.036983510352297855,-0.9564900178809402
0.08661197617168381,0.9556055152893989
0.048421823055339264,0.5666144743558553
-0.22570273908015814,0.5230070527030726
-0.2723357356721836,-0.2779963144362078
0.016849862327452336,0.8521370277547433
-0.13106732005298405,0.6573635547022089
-0.2829514780369038,-0.8388264535689662
-0.07194578137581786,0.20227418412701006
-0.12029841187623513,-0.33145120279246987
-0.15264662127779227,-0.14104199134103595
-0.16388321353293145,-1.0420646897098567
-0.23445496384315578,-0.7780489631709234
-0.04622226018554576,0.8592559067669804
-0.2779355671963112,0.9748095312870495
-0.009871232108836892,-0.7236167898385386
-0.24805854271993943,0.23474703815210943
-0.122791884919628,-0.08261271516229904
-0.02737571249957138,-0.41960675297991346
-0.05672478394206004,1.0410571903707422
-0.04826202950569358,-0.2081474282210001
-0.14028644006730084,-0.785914495310896
-0.039280753566667936,-0.9323577691266902
0.07020964624441883,0.42224214332189103
-0.26972190739369317,4.111786631656223e-05
-0.1038149317219248,0.3973303870153869
-0.07974373911569377,-0.13955608932034536
-0.3290040698475889,0.9055637483564556
-0.04285120525366215,0.7447359293630762
-0.16513792055945098,-0.9134927610196523
-0.06670245571082134,-0.715690623179826
-0.28480150333492027,0.23891698258388988
-0.24516633249932895,0.9649694172943795
-0.263436578688957,0.2849499255794436
0.07514148058360637,-0.29522738511618907
0.012625033615913496,-0.32209438387191613
0.007220948667149951,0.3483020719751166
-0.0908650967787018,-0.7114029747665839
-0.0037635401432268845,-0.23570404621266453
-0.07992109450151297,0.21122378255026392
-0.009308921186968022,0.5877703102679775
0.08240432706491196,0.49849256424101834
-0.051621873264828144,-0.34153246808554794
-0.04442632300663785,0.06842503563735215
-0.26351206420579953,0.6762163056495927
-0.2383730655671613,-0.46800134309628727
-0.10987610203446763,0.7707906182239306
-0.13148499019632287,-0.8834726731752744
-0.22438552723812644,-0.9733020031367793
-0.16532119343545992,-0.43972594598301235
-0.10942092997384634,-0.6674430458661833
-0.3248630394642854,0.9009444791620015
-0.025658944991131527,0.5603559326948527
-0.18616698966966794,-0.6627739591890178
-0.03572045647364974,0.9311688430437454
-0.17650006893391457,0.6023131696892633
-0.3139302299505462,0.6702877743899401
-0.03217425855946354,0.730621662666486
-0.2757063221792103,-1.0413809744582097
-0.2575623012993453,0.8444397102854972
-0.056392477097806704,0.7399623635025515
-0.34605604278537117,0.8017755811429661
-0.1365717491910463,0.8845109419299674
-0.36130063324568773,-0.3840547644790805
0.11350153712548705,0.6553154271367809
0.09750225528001144,0.4014345129391133
-0.23353664750344139,-0.4456839034464619
-0.28619777821019066,-0.4374165273345248
-0.04299628188630966,-0.4379231960619999
0.14575182487592253,0.23696241398422194
-0.18651770803250212,0.9851654100329078
-0.08040052464796843,0.7819043897551382
-0.3733248419690658,-0.24470687204847352
-0.1308394758660789,0.16654982398543466
-0.03856214126167912,-0.05919872782122577
-0.07888821158671266,-0.14543796639479167
-0.16999974914298388,0.3529580908137089
0.14667382004367568,0.3049696519005118
-0.07746143285084495,-0.3804682236444005
0.12387867869522351,-0.7996047277927621
0.07483404996569254,-0.5326179237963982
-0.14181927399628125,-0.05119645324880961
-0.31613575353190015,-0.22696379396021685
-0.35305752361110976,0.996522722093195
-0.19347878051582756,0.7867618329024975
-0.054401690750715215,0.06646828053639826
-0.17199774516591282,-0.3106129864905887
-0.18249567021760704,-0.48015110220257223
-0.012152329091468017,0.5094924984659008
-0.09095456146584968,0.037653504191376704
-0.1489171592659344,-0.7532385033522809
-0.18802355655644643,0.1622219435880908
0.07263968741664739,0.890119590725255
-0.012924128715187333,-0.6182962813672113
-0.14875806889062526,-0.27074248140358625
-0.1781896212716927,0.12193000125937661
0.08158320421822696,0.8082554957341833
0.05062986834166083,-0.7227360814715603
-0.18133833799583476,-0.7084578045535028
-0.3454469183472173,-0.0935919594334778
-0.023982068566234416,0.17281464384682158
-0.30384921231767914,0.294834554791902
0.04771467301956245,-0.12493628563271283
0.04057029589556871,-0.23666421004246052
0.03625019112024175,-0.6823573039250121
-0.22027984934823275,-0.7093074837663756
-0.31385705711498213,-0.45194552222606765
-0.28831419013575454,-0.02211113640484328
-0.15815861525263197,-0.7995283665459116
0.05173540609615768,0.9912489569932595
-0.21226831563724202,-0.1944399615236417
-0.23345864410824924,0.8550291614102762
-0.21703419026528203,-0.4448372952348657
0.048174809953551945,0.5663985811979406
0.03011943087754676,0.5695829232334059
-0.0034373887899459272,0.6240421362173786
-0.22726961994578987,0.45764228274947055
0.1319832956914011,0.9549935215388308
-0.06654972134637593,-0.04794272782595529
-0.19146358487969783,-0.7191894791675528
-0.19755873431180349,0.5957788980628392
-0.057573739440615945,0.2087537472078216
-0.10729405115961699,1.0064838722710057
-0.2913388877523414,0.9203671358196467
-0.38257562934399436,-0.6656711769344111
-0.17509440921107544,0.2534666505355001
-0.20236615055635665,-0.5434125869603488
0.05258865007289715,-0.8250551635913911
-0.10747548954239095,0.029701580267647937
-0.25744041884444946,-0.47537159160716347
-0.26119305751028954,0.5816733416047828
-0.28358378041488586,0.4840712485467016
-0.3779084981939733,0.7244201627009506
-0.11812067568476503,-0.29812381399994475
-0.19052649274958045,-0.08374149508868092
-0.0764513640532144,-0.7492874600942615
-0.010777988916838899,1.0338413827998163
-0.11613034999950933,-0.9101125254889235
-0.28676759237214333,-0.41724090971180333
0.09321703450460861,-0.9246585067947236
-0.14233196153572714,0.1806188362597807
0.034487783987273035,-0.19719630019169712
-0.030957159103620846,0.01988819951701328
-0.005567388072118655,-0.6238592570958851
-0.19679489474307132,0.6525903902390755
-0.3023036980674515,-0.9539624383063475
-0.16532229172919322,-0.8385161634435304
0.013184053074249951,0.33046975162586845
-0.2499799342827984,-0.5401798035271579
-0.13002793796650455,-0.3464421677684622
0.0680252387049482,-1.0012401245914273
-0.1773175083724293,0.16505873527463227
-0.21136673871584832,0.23149832579087587
0.04640841963614689,-0.9292714626477856
-0.011200833551041853,0.9185785169854979
-0.20038098191788398,-0.0682791863527078
-0.035969472211801724,0.5129454046062331
0.04342498332377369,0.8824757383924675
-0.14052789129290233,0.0017350796873606834
-0.08316418087541545,-0.812831120590028
-0.1558390579532013,0.6247324126638912
-0.2637048249485836,-0.7521758705392309
-0.3076511354627422,-0.21457159028736073
-0.004666140384926256,0.921760818715532
-0.11765937831325987,1.0103030005323188
-0.3042202086915258,-1.0357194331117103
-0.268061914606629,1.0449682944275194
-0.09617246316938201,0.03947642973638004
-0.04310259504323017,-0.9959678706690223
-0.09277826915531154,0.8367979839787817
-0.17841525198233113,0.2738433943136609
-0.1537524845701658,-0.008888582145236471
-0.04563583636718346,-0.9768463607357095
-0.24063051002344768,0.8299027511191338
-0.11293867454262868,0.7236758140718285
-0.29570377699298617,0.0014107716098919576
-0.15597137572382294,0.9434801246203455
-0.013482057220345555,-0.5625105065973497
0.019258812780154927,-0.9132286085001493
-0.34860093808120346,-0.6260383098741155
-0.2585186848560965,0.7030235810923516
0.03575730976238096,0.8278911459002035
-0.24090036398066295,-0.5677122189108578
-0.3132211008138051,-0.37392097682632125
0.09099330294007199,0.6413150690396552
-0.20123649569716973,0.047924077106063945
0.028484941061963066,0.1154628484722064
-0.3936422311711998,-0.5937276852351457
-0.23567240963753439,-0.6772536868614546
-0.0005846359127032901,0.3151894766118557
0.15198859196441966,0.2976355265879374
-0.3002702443088427,-0.1539027596487357
-0.29876070109976804,0.5780629503502586
0.14057902082984688,0.7504490182746111
-0.32005007296577637,0.19551980997730095
-0.3141561610090501,-0.9338334377336291
-0.3373878640658383,-0.8205047156901936
-0.2542765008576801,0.5738618612424258
-0.10540036812623234,-1.0191586150283674
0.05633854505542496,0.864014613390232
-0.2859075361551612,0.9295319362835672
-0.007781072902653322,-0.22408876329911848
-0.17034128376829932,0.1679058344119999
-0.2684707745018788,-0.7892979981601901
-0.1969815228258275,-0.3203669394952601
0.03986330756344419,0.6588527825239646
-0.14718122291400795,-0.9989772408846397
-0.07188842467359476,-1.0369015420556358
-0.29439259343162144,0.42305511710145566
0.154637154780701,-0.5552275850956819
-0.05022033963670623,0.48120059157995837
0.1282341671860668,0.41398005136686333
-0.031007893522976955,-0.4404871110382999
-0.051749762268208925,0.942085028087128
0.11202289788985176,0.2531193758756339
-0.18258629192442205,0.434012951293706
0.11144782161119458,-0.3859338823899997
-0.05459988141093528,-0.8643327522316925
0.1623968834554155,-0.37604754322927847
-0.34936695889719804,-0.1717974813029058
0.023143322716381323,-0.9923653534237198
-0.22013732929459884,-0.1847721633241722
-0.08053139371403559,0.4989633680440674
-0.3410889331219858,0.3140641083197312
-0.002630872294460262,0.07724301281345623
-0.00044690221541975115,0.5133918166465634
-0.079709216594498,-0.6210858668654369
-0.365880700732897,0.4321122308719111
-0.02375980747452706,0.09618266135486256
-0.054647569147036834,0.18036157424758373
-0.11034154192903445,-0.34494345665550163
-0.07991713129151484,-0.131641865730886
-0.26295002621873237,-0.6469886005538102
-0.13278985062639115,-0.6751352856153829
-0.18922774958301977,0.3633004631547012
-0.083852905653021,0.8321072175580442
0.13160246102393258,0.7134464585603829
0.032830106447246044,0.8331505399482958
-0.3801379843421686,-0.45082697917880465
-0.3938803770671524,0.27678926998529113
0.17174521298982204,0.08237201124912916
0.00988688402446214,0.3830026677989082
-0.3709398929731109,0.6873850873025519
0.1747347254930811,0.5981365220595494
0.08655945021309996,-0.47209320337197697
-0.28968189474551775,1.029457395482221
0.10425115415475017,-0.47086251148669767
-0.03704633415299374,-0.611159565793092
0.06882297583537866,-0.7859478662865252
-0.22259393994312437,-0.2039329283072708
-0.31961804516422165,-0.8917933386569928
-0.05347232625829701,0.8001573490734757
-0.07830662268389443,0.7645277180540051
-0.18603971619887927,-0.9386924697590133
-0.22524133539066515,-0.6562415627780451
-0.18396995174424324,-0.32803970957430234
-0.19155733900490313,0.21122099866461055
-0.2010641499600353,-0.7054762123977836
0.03801583094902694,-0.17775040124508998
0.11391846267644345,0.15170274924175434
-0.2229218744346808,0.6402821980200135
0.11355969402433919,0.6423974534154578
-0.2695633604126718,-0.7183940510112978
-0.10487796365338098,-0.11420012056423245
-0.012652606089526897,0.7998786109583663
0.09741050100961024,0.48240567444319954
-0.25911767180816314,0.5246487363639899
-0.07585896306298612,0.993958601733704
0.004606668931287583,0.9861219878193974
-0.20946701164348003,-0.6685150805542203
-0.38680208544457506,0.9948933828566281
-0.12672799591818418,0.8311152639816733
-0.21415229342210895,0.017426010132886225
0.16972335089514812,-0.5227875599628797
0.14965705264264106,0.9152675762566378
-0.310139715111308,0.5262077085845794
0.09902216999067903,0.9494788937600175
-0.18708612015016401,-0.8243274583482536
0.14945952211810265,-0.5914152096966346
-0.263673800098325,-0.6352973076196375
0.11553231978633471,0.5022892082784641
-0.042028831625431695,0.5084439455571469
-0.26877785598615844,0.9516568703014757
0.14084972507051718,0.25346623225329784
-0.11200838729012097,1.047007002783482
-0.12046730863301769,-0.6622207694687559
-0.29956997025904253,0.800451941375914
0.11134792693678985,-0.11877762067443352
-0.00021502212740176496,-0.6207290941755059
-0.31463713731694454,0.18690415952252085
-0.19403971141686327,-0.2901466377829971
-0.053832672369265144,-0.15176971727196414
-0.305069627233457,-0.3404488627116275
-0.18863080976199464,-0.24491354924794417
0.012663825074962443,-0.7409359272274115
-0.042107225392314485,-0.4854433842718083
0.04948058351076745,-0.5822903699559608
0.07304744964339638,-0.9836899417098025
0.05092349017335107,0.9001101536726598
0.030695526502846127,-0.9032067608956352
-0.12150470822328863,0.1666129844626732
-0.31014732716513194,-0.6694475268038337
-0.12857775386091175,-0.2368784444527435
-0.22290818065554607,-0.09309660436706792
0.017447959546778802,-0.5906546486586411
-0.17687009776303708,-0.36272417304348514
-0.2508515424236013,0.08042432652109421
-0.25505305862542405,-0.038607211949281725
0.03215758062690799,-0.9080416414362186
0.05715473442415686,0.5689833065360671
-0.3190130762513814,1.024568115767645
0.0889229609010771,-0.8008815964716071
0.17336670983483016,0.4366898508222712
-0.08058470887062918,-0.8850968335406048
-0.23202402358841767,-0.34030722913069744
0.09783809397421417,-0.48953566327947085
-0.13557880532242228,0.491728536916508
-0.019536982306839645,0.8736608908757246
-0.0815373588326731,0.13568681547534464
-0.0689161111994464,0.06859865168129027
-0.027087969320936267,0.12107574806474525
0.11222216977679556,-0.2224215112444577
-0.23598921475868695,0.22659689645871756
-0.2163710334644886,1.0210056732131234
-0.06486994093089837,-0.06770135157122813
0.10543807118600168,-0.16659783351298585
-0.17346750183126755,0.5896577065602309
0.10045428952351779,0.6805007149434914
-0.09224456041388746,0.5947064113337556
0.0376600835413804,0.1646554868157208
-0.2839162109955975,0.35010157477241227
-0.19279577611573934,-0.09729294992589836
-0.2877450148295262,-0.18262544515856424
-0.3370431073850228,0.5401251108599079
-0.3379125282805349,-1.025435602603188
-0.14376145837962598,0.907243189218919
-0.1705767785764048,-0.039197068812370076
0.15597421783773394,0.1371699418019465
0.12472398475122157,-0.3042034834027085
-0.1523925474115641,0.34739568021879486
0.13225845016143992,0.8083951469885333
-0.30342907854677753,0.9070118134005736
-0.2963088602841146,0.9528584025045959
-0.3615350351149861,0.29237834099402726
-0.3807111174500902,0.1193482955542683
-0.016238305031307444,0.37713587222562595
-0.2727522012054656,0.40247287713498775
-0.15858660599302998,0.5147055421198924
-0.4226428147446985,0.813166031414214
-0.07471987089402676,-0.2659608189181735
-0.20807248564981723,0.5170766193256116
0.056867620208454324,-0.37832581445384
0.10306762907084038,0.9425179319246789
-0.411136859638899,0.5620806477828818
-0.24239024976543713,-0.006322424991877909
-0.2756146617600584,-0.07812550471262553
-0.08499759185625953,-0.9891257518790756
-0.489298729608281,-0.8551540496711147
0.09513977480094414,0.481961537936154
-0.08844052768947104,-0.5367545066780602
-0.11892899475096781,0.5998340085106549
-0.1284721469353953,0.34089606411741546
0.14341845083293026,0.37465724449329146
-0.009179959071961634,-0.5266439056633592
-0.3745446982724835,-0.9183010865702121
-0.47627565382197756,-0.15385855733454626
0.195745503715756,-0.5906052478964825
-0.33178811506576933,0.8142083727098494
-0.3469591570894579,0.7781947313167894
-0.2738026334587562,1.0322698599711517
-0.3055641851282112,-0.2945255450095531
0.053125121785878235,0.7231932377395064
-0.3482052273335311,-0.741316210411804
-0.1318378084857867,-0.8680134360379417
-0.013340966761415794,0.23293531476812285
-0.11739513259695057,-0.34839539003277264
-0.10097026960263658,0.6731488909219401
0.014552244294889344,-0.17549932289023515
0.18449015654554501,-0.0015687309363209142
-0.07963202708116847,-0.8530746131466733
-0.30317530907796364,0.11296268005327388
-0.1549454166991497,-0.4389057849900615
0.0744603557153463,0.7981471663760471
-0.25142979452171293,0.6002005065436306
-0.48397006698945244,0.6517643488185997
0.09851265351812365,-0.38511853359054027
-0.31473527188928646,-0.6661452910507685
-0.10891785550841146,-0.5728179188844915
-0.3061771858275776,1.0278534866692033
-0.09208608929922112,0.42934809301108556
0.032777918779094174,0.9694037235171287
-0.38812572201677475,0.0706663678117042
-0.2075513253477669,0.4704343384248023
-0.013515771484623606,0.46640416868106627
0.21066101552118865,-0.11096249343152594
-0.08654208700798112,0.954752902809946
-0.23012488882789794,0.41073756443860643
0.09508518999221635,0.48466010086031536
0.022297132036538082,0.4735923555880886
-0.27705978688646404,0.6828411248298061
-0.03275722941189092,-0.45912674539211273
-0.3078352442252915,-0.06881376866075307
-0.27429780915835894,0.2527000507014712
0.21762631394172352,-0.15341556332231446
-0.045141177506573836,0.44510864268080974
-0.28426157140388736,0.9559233004081624
-0.06742701841003414,0.4186927080831779
-0.32548340520303665,0.08324699695247058
-0.38022143185863094,-1.0304367603474642
0.13104006941866356,-0.8177616898701828
-0.2122564134830214,0.1987002686818324
-0.08430842753848118,0.6625378347471745
-0.1377164051849172,-0.511934625421009
-0.07535503843640844,0.7015062320004397
-0.29711730765694383,0.9446405427259006
-0.3022840954987468,-0.7808870356106561
-0.05992481109473369,0.9734101992788232
-0.015063867561379451,0.8416771934489724
-0.18433258328761415,-0.940163149450162
0.10856081972372,0.7039612960739936
-0.21423176847550351,-0.7792734772002139
-0.204602581146051,0.8849732552550498
-0.19279932040697023,-0.32441734797814376
-0.034188541362392355,1.018097213567796
0.04578700544618175,-0.14847343123102438
-0.16417066466469166,-0.9180800599783935
-0.1919433656615117,-0.2459938738319598
-0.09851115357912232,0.025976440557496625
-0.30167327369628816,-0.37565127842283574
-0.13880996249202937,0.6589296854815985
0.07933416147731154,-0.6746551663859103
-0.09365304203339608,-0.45282701147553467
-0.11340617398917963,0.6641492554683678
-0.10225124150941167,0.8962633925460725
-0.11579140644378239,-0.43553309931599765
0.02823550735435454,0.5093091915373444
-0.06198943341434071,0.8572949689249685
-0.09774823049354264,-0.05467077153001936
-0.10560176423077028,0.9678568221439866
-0.34275762072537264,-0.19717550920584637
-0.18141464974696087,-0.9450386668655057
0.0064889437821762375,1.012419983055991
-0.28447158438216813,0.4559326212895762
0.05702094335299357,-0.6598698223761671
-0.2712971811632563,-0.3336434307501597
-0.30037409417466887,-0.10012143112842552
-0.00959019416001028,0.5805683525413162
-0.03829686907014995,-0.6970363080729854
-0.0020350632761816367,-0.6970548902486151
-0.010434156009878626,-0.4758404649142974
-0.20755915042717188,-0.10496779811753004
-0.1435931531762602,0.9997617959305908
-0.057909498122367564,-0.0053562722174376985
-0.31269435366272114,0.8499574833669886
-0.2872279209408519,-0.2630155354488239
0.013583489019722395,0.19854178005660347
0.012952606435767233,-0.4537269682371863
0.016384130786435414,0.4607344175778883
-0.0344208510713826,0.5093154411076305
0.04407511099641814,-0.142462417133853
-0.14952972693502908,0.7763229922856462
-0.03908502443852502,1.0313261531341968
-0.28061006496658525,-0.295517909697828
-0.013082531643774598,-0.34383180471825836
0.06550419649739392,0.8980346097411066
-0.27743757766788035,-0.29943165201513183
-0.09221705600694352,-0.29804138638509975
-0.3248822502712825,-0.5734037188072459
-0.03745693310161946,-0.5070067597800862
-0.19334138562500192,0.7709197259892175
-0.2777243861777914,0.12014924624370922
-0.2717436573987342,0.7159919725401452
-0.0642577342942332,0.5654178263687576
-0.17145779020216656,-1.0012813148842479
-0.012774198221733313,0.5927976781087463
-0.05409329510635752,0.9246921084551245
-0.2159693043230695,-0.04857056136649099
-0.2949526907248219,-0.1773496552001483
-0.09724586311098693,0.017058525303818486
-0.20077376651673684,0.24399138612353613
0.006731137440547874,0.10829676769639954
-0.045646977091275076,-0.01094478177626552
0.07011160710678355,0.8532864962789446
-0.0724658004196137,-0.4674538390131533
-0.03471525779824591,-0.47053824209165923
-0.07218326726887292,-0.7824808453570905
-0.044993011062498534,-0.12718900716211978
0.004033570024044808,0.7813241617386091
-0.3103411418091133,0.7020920876240073
-0.05822086040680263,-0.5205478071928273
-0.31012589266324464,-0.7903518416051762
0.05500728593079196,0.9353947564577585
-0.24403988170457103,-0.9184384182322396
-0.3922309531725605,0.794816675740503
-0.2992434570269946,0.6645249443624136
-0.07836090740461588,-0.11574486040269857
-0.17031238771385526,0.6695168459173334
-0.2829311178373557,-0.5891857243190746
-0.10170030184329093,-0.9222892360466338
-0.15649700617858664,-0.40670624018045043
-0.24046746123026463,0.501520186733891
-0.22308240489515185,-0.8069284085748992
0.07153120593804707,0.32607633881591713
-0.12441536327604852,-0.11620900270543107
-0.32255055857745174,0.7938829397207594
-0.17407986040550827,0.8112541414486755
-0.11754674975734047,0.9672117255325581
-0.08784085195911628,0.9025496263168407
-0.24221287314140877,0.21786819843078664
-0.15554162414061665,-0.2783970965961774
0.15424525329309335,-0.5707287021452002
-0.2552649423814131,0.05046389605616941
0.0496794258801346,-0.086229614432782
-0.002582848431542189,0.83410978699284
-0.25437024401451847,0.9334984481429724
-0.19288737881974424,0.5001134715237745
0.05357309460088342,0.9963844610719017
0.015213548902899426,-0.2430862146470246
0.012483320403724586,-0.08096279590189882
0.06107603387697948,0.2526286273752248
-0.4248090184029949,0.7894946249295495
0.09567870424983324,-0.7980200468009611
0.06747073586080395,0.40135472626547575
0.020844121251996403,-0.8878642857078012
-0.261957154106863,-0.5543812722785186
-0.14675734105183863,0.22357840668575596
0.05131277922004761,-0.04377271269067212
-0.17144414503156466,-0.36846147275941243
-0.13233444038102074,0.4951704593901294
-0.11505514504209954,-0.8049189751525182
-0.08794129506537603,0.3002541275000356
-0.25072784935814635,0.5687968238004186
-0.2934978293986645,0.3142707962386465
-0.23648200454433713,-0.7973945110277996
0.11184439284041459,-0.5261495621175877
-0.23694552043428987,-0.905770739159608
0.11040664807815573,0.39757979373364893
-0.027986215080908917,0.9384788573408982
-0.16536259651804858,0.48338103568577623
-0.11819192944871135,0.11159395608667051
-0.2189116856387774,-0.3497510445370241
-0.2799213222299762,-0.2404460830420137
-0.2821157548973331,-0.6268072001110452
0.030281622837292257,0.06010866291619721
-0.15656370953929508,0.06153848547072233
0.052083681280879736,-0.15345930588400358
-0.06435420764869955,-0.20259734612490757
-0.29308894575649613,0.36519785553416495
-0.1555426920133901,0.27343120068346266
-0.05675266871888981,-0.3606464960076448
-0.40882633590990375,0.5779455265914414
-0.16739198459897806,-0.46786859864576263
-0.03425354992063374,0.8019446959499321
0.02922462737004582,0.9130432956786407
0.20842258620848353,-0.012487046228300675
-0.16821665739162164,-1.0264494160128659
-0.06753558685843425,0.7049380392315102
-0.24765896273081006,-0.7352856138516503
-0.30340868585292297,0.78379114319187
-0.0348402788425731,-0.5369566650213888
0.10247275854235147,-0.41063571589897685
0.14867593409571742,0.10654672826561452
0.03645274138343327,0.4773723348720862
-0.14239430485763283,-0.6870535470501409
-0.019280594846835496,0.3121688053885295
-0.2705855808613215,0.6959269612231975
-0.26619462740561717,0.024512877709941715
-0.06878425769644181,-0.9286365890374779
-0.04812029411873473,-0.9926786181468944
-0.21409147549085344,0.6058137779653425
-0.1682543949457757,-0.15215730700500144
0.0704249873902408,-0.12551666258054095
0.01917983786920145,-0.6570369700261703
-0.07022620570199431,0.3259358184371321
-0.1592242645410064,-0.1422671133952332
-0.2777592481432075,0.9380367670102917
0.04309440482110196,0.11615430084898208
0.06939442055734549,-0.3520416273403368
-0.36151055605309124,0.7441277029195253
-0.004165901171251039,0.7940552492694382
-0.0007619925928505496,0.9641161843224014
-0.2802999430802332,0.9123861388726912
-0.2822677910165625,-0.7611606453195048
-0.2284974760704485,0.28636162784133584
0.05113753879291448,-0.460409058470193
-0.004629567084436009,0.038532053584583364
-0.1601587970366402,0.3737503821979194
-0.023508389052699794,0.8730597456219141
-0.12429948990993242,0.8062349490313345
-0.04241425752453951,-0.13764944768369036
-0.26485911224040937,0.1398861824280766
-0.3119523731766027,0.2555598369229237
0.04507074655224592,0.286669207120966
-0.3337580198391791,0.5071520074140574
0.103257165277975,-0.8955458548512273
0.05610549974567461,0.717092705278747
-0.12314983421191497,0.6802187210346522
-0.18404835723078988,0.3694810746625527
0.13898773007543264,0.15996152349202006
-0.13131668333634272,-0.2597825030533856
-0.19450836109865055,-0.8420907946305739
0.09483653418312811,1.0433981204677587
-0.08074675679589234,0.7280305357043965
-0.09526824453315744,0.31374361724705224
-0.1623315646506076,0.04721111083678918
0.05755014379650896,-0.7628494243679093
0.014846934037851926,0.6453764288878253
0.0842946008992972,-0.8623260136254005
-0.3228872772087221,-0.2596543994253165
-0.05840508702029695,0.8248870736494965
-0.08180920589978921,0.6377822409682719
-0.012815194984605037,0.35536442347921365
0.01565888116691484,0.7572869453120412
0.15047865505145686,0.7140828782191623
-0.08840859951037204,0.3829609896764794
0.02986691493145821,-0.07679638776390067
-0.1357758899601719,-0.9432567212450292
0.13130880769339495,0.5712062621550851
0.07393810787761139,0.4745650539568037
-0.01574479946476991,0.4775247424953698
-0.06996406347452674,0.3827623940604508
-0.09401404100400675,-0.2513692734521464
-0.0677340958882949,0.937137611777553
-0.37856565368799594,-0.19679120564423894
-0.09136869410401542,-0.9232506421229407
0.07969990170885322,0.8839091701049242
-0.1711671952760296,-0.008885236525015
0.15349879307218692,0.3097044253918851
-0.13454335679674578,0.012882466214736987
-0.14844595543158223,0.3773750971292141
-0.26186037454201994,0.8107375702944409
-0.4146509336264662,0.08563595984122889
-0.3595779683831734,-0.9288113120447614
0.22064904837187502,-0.10026273777407421
-0.3080884044383137,0.4255825857593952
0.08092241398465148,-0.5028154840518358
-0.1376344409595355,-0.41163646560416367
-0.028939366353456758,-0.5592290733757843
-0.1117210943049249,-0.5074417443131295
0.04388921228248264,-0.46065531732559734
-0.21276473132841342,0.8205444126946319
-0.20545505641495024,0.7688054499551775
-0.13311027034619302,-0.8435623437097902
-0.16694254850659138,0.19468210893938648
0.041888316662223174,-1.004296206561834
-0.2606900771893178,-0.3651864999242041
0.05649990085032953,-0.9306504522982609
-0.17017003518899818,0.27606889131723356
-0.11534722132632337,-0.6404860083168222
-0.012200713607728656,0.11053332662521705
0.16536421013716468,0.3074835060468091
-0.13478831378494371,0.4512463223446913
-0.3573232492282681,-0.6024641529365539
-0.027161468996685457,0.36888951679323284
-0.30384992234802094,0.31108212376129635
-0.07762379153616056,-0.5757381758223683
-0.24893708694952493,-0.7216482522071508
0.19067789339724153,-0.24228559780971004
-0.38502789791115033,-0.31304148500416357
-0.193222202409419,-0.08858106528612929
0.005626314336312555,-0.6027169740902548
-0.38969387092625846,-0.3004489588809203
-0.251458787175065,0.9071184458432667
-0.12959759530055823,-0.15745511036767398
-0.28435634520476,-0.5913012862091492
-0.14885927137787114,-1.0037775330940613
0.009923176933942353,0.6833851406472806
-0.0432169365145505,0.8514921214462288
0.03342795206808623,0.14333249930510622
-0.0023170014059460545,-0.46506581234608574
-0.058980299062580635,-0.7445718457889389
0.10979565981953884,-0.8946665147701807
-0.096802179905188,0.6234227652104086
-0.238894045420152,0.22964604461845925
-0.19291205009969703,-0.273233506644171
-0.37860177355935987,-0.06184941358337491
-0.08410410371777594,-0.049814454861737384
0.008458249203899901,0.14097552067343647
-0.009130284648147483,-1.002484840159416
-0.4310968800116465,-0.017251570892661373
0.21161607706414282,-0.2178770137953165
0.2718741560317365,0.7121036043253656
-0.05160714780993876,-0.0805392687938492
-0.14636437883761377,0.9502271882804074
-0.13391439330746963,-0.10222518488434787
-0.29565779900563316,-0.40720323813055104
-0.29141217342783454,-0.25551022076088153
-0.046222264045304884,-0.8635627066143782
-0.04230758197200662,0.4751017946506565
-0.2049792099683158,-0.3895125781816
0.08233467446587105,-0.4356847536089701
-0.07248520246397784,-0.723553900589067
0.008146633823098031,-1.0322651909849558
-0.37648285710328117,0.4903562075747465
-0.2736141209632368,-0.3790312107856896
-0.1834641406893046,0.48139990963494017
-0.14315288797038,0.03649143975133476
-0.060499911373773585,0.3014447151929488
-0.22965048635051827,0.5541533623211294
-0.0035658032985385222,-0.7629853271139738
-0.19767882765508987,0.24963416586660545
0.0700272074070933,-0.4972338726883935
-0.06790027320272021,-0.6053090126567932
-0.0674713273353906,0.8611520311921207
-0.2369376615465383,-0.024323701290219678
-0.2167109163333858,-0.1770205942787965
-0.08531359155790154,0.10331595516505264
-0.3102579564344432,0.05612584744510992
0.033127191418802875,0.07278594884563441
-0.305742686101952,-0.9399517006153795
-0.29385690699188005,0.2801913088558498
0.09684741813140159,-0.9494135565414978
0.03004278438999783,0.8232336599822849
-0.054918013723090645,-0.5302990978723346
-0.2209686995148477,0.5157675840214546
0.03813700424573163,-0.9139698375981659
-0.019861019385633158,-0.10764440407015843
-0.20005640234829353,-0.8060878157332927
-0.32888067290717826,0.2857701053776049
0.037064983245562746,-0.2562963156571647
-0.1058727542724663,-0.5432892270755504
0.015958494330090525,0.6276317497177609
0.04678893498258511,-0.10493292876846523
-0.1834189263799523,0.7271811601568935
-0.3017062891511485,-0.4856341808892348
-0.18569392453616404,-0.12879185980697283
-0.2611274686123239,0.455515681833083
-0.15856849672713283,0.38126120396841967
-0.12023443244982246,0.5384743558385127
-0.09500872515147751,-0.1559343172027032
-0.15690380606461618,0.7752213119348922
-0.3511794573763811,-0.8104652694618499
-0.3096014055113291,-0.9856848996175371
-0.18659012327817334,0.45536286685345506
-0.19401791795483223,-0.03898237236219931
-0.33248450372739313,0.285044615440176
-0.1483271310182914,0.7796265011397675
-0.12719078027902384,-0.6782227235592191
-0.08997085853190397,-0.14455985963439827
0.03378741480355904,0.19747337457520073
-0.33286522051052375,-0.7086840019228962
-0.16831547667627345,-0.758300036465019
-0.24688693055034827,0.5597157708949557
-0.20347151020695325,-0.04229317114528334
0.04446843938920329,-0.15613577188089045
-0.29924802958368546,0.8049274729323103
-0.37311343571296485,0.06322848609962554
-0.09513627068770675,-0.6623592072347795
0.06648116077696066,-0.30880504212771515
-0.024199602508386812,-0.8874827219085754
0.05228187085866979,0.19563601522808569
0.05749145553932719,0.8563144873737959
-0.28322755194013505,0.700351804762637
-0.29272114282807515,-0.06381384508993647
-0.2905994459453207,0.39955385153790085
-0.002278969651052161,0.9381509467373521
-0.22136722712922252,0.1029727388906988
-0.25665748283310297,0.5564837544007404
-0.21847538156761406,-0.05472923500337493
-0.06058598118955822,0.4859086766992753
-0.27478940778654853,-0.4400842419199241
0.04763347796526333,0.5538192110539745
-0.22795089107096284,0.943856594768206
-0.13783449832231212,1.0039882564046037
-0.00028480285849461206,0.5533637563350408
-0.2636256223291471,-0.0010843107241025251
-0.2623763542505374,-0.4964357676183867
-0.0528715384130636,0.22756124536709574
-0.13514433523909575,0.1291054704279217
-0.16618802476624556,-0.09727877155036853
0.15086808053252992,-0.9891841750730342
-0.21519904006936044,0.07345837527533418
-0.2119853604703202,0.25072181111520675
-0.18854245852832346,-0.15801340324473945
-0.05358209621878379,0.4288965150401087
-0.1886282124354756,0.8633376762641018
-0.14028098261037958,0.4956812427646276
0.06267993409702732,-0.17456681081625186
-0.21560757528588848,-0.9526651018035392
-0.1887051149304465,0.45588508264846467
-0.24516938913690955,1.0080986268207845
-0.26769293559923835,0.33147185986845007
-0.20662077221783137,-0.47949368055893943
-0.15853801707656878,0.04978223680506584
-0.00948230364522773,-0.12218588051899212
0.024816831078072865,-0.7238523683985949
-0.00993822734173544,-0.7499660114475434
-0.1743909743561034,-0.9803975399969287
0.06333849286244086,0.8585122506602172
-0.15337865769324976,-0.7383910865526734
-0.3076996506706864,0.7712314842802745
-0.26820404350584637,-0.8114194814811335
-0.2614249293376275,-0.07721464460971723
-0.13000022090146268,-0.28096267692656857
-0.06284022900608477,0.3874666473073154
-0.03135131706383465,0.40713676718728437
0.007660131489720223,0.5260367652108546
-0.018530129593083533,0.08673599008119984
-0.16763232754885538,0.11328153323013238
-0.02398003293327622,-0.5838308909031713
0.084209290649633,0.5358369209006791
-0.07384566807816206,-0.9626749351138328
-0.22580087252697223,-0.6351014960585245
-0.21891875434842878,0.8278266630590412
-0.20104899401907028,-0.0662471484396063
0.024124650304179873,-0.212011293477217
-0.11148359033972599,0.4293090134121889
-0.25071035603881253,-0.6780742021162557
0.03233821882605592,0.26284090163307705
-0.22561741708736616,-0.6760751300145581
-0.1570648983648698,0.19521680775664108
-0.2046607443117754,-0.08423153686911722
0.06312817389698488,0.8590159250942783
-0.2892890673840852,0.06652253735236298
0.07679021518813678,0.7126556178796847
-0.12703084459217262,0.5878644200851391
-0.17402864820398034,0.6923398115395588
-0.2937750844328977,0.5482210426755084
-0.2371696648442907,-0.16741159369688585
0.03849260582688274,-0.000958602698427242
0.04201968744501716,0.18024712031295712
0.06559027010086782,-0.48445441877483547
0.02959844906595077,0.05161600771436317
-0.1967140655640277,-0.1940903484518236
-0.27232318781879505,1.0443894203107147
-0.005445021735184241,0.7887733968094336
-0.021334257368763265,-0.9604439358393886
-0.26914256035698503,0.03395472879992629
-0.12902806476215878,-0.4174816742593153
-0.23611182546951204,0.5513897127000319
-0.10403433360540215,-0.24342084158307467
-0.23958573078258527,0.4662826716118202
-0.21726086841275594,-0.7401929263502214
-0.11021284714029522,-0.45619786088722397
-0.3145371805416819,-1.0274555268503451
-0.09235415379846224,-0.9635990959809971
0.028287272434013522,0.8283300439348001
-0.26811208419361365,-1.0084481223839126
0.07127747354330993,-0.681515532452895
0.0400638990604445,-0.03285970437444479
-0.22529891692699966,-0.48400930697499134
0.06501647147119372,-0.5771358323135514
-0.014629908237442812,-0.7839452631798103
-0.16707605938828973,0.73754838466181
-0.08731310794013447,0.9832036819140707
-0.05050944610381336,0.8057259730681057
-0.2581074167124062,-0.6926687705977849
-0.016478054255137264,0.6033676598771197
0.05721263358863182,-0.25182944215993097
-0.04785013773093916,0.08276194328316037
-0.0877535374879026,-0.9839628664486382
-0.11230965312722807,0.7694834271680407
-0.22905967571891273,0.8911453912500896
0.007224415663207973,0.7253934736421088
-0.024286812680276104,0.6925315395879609
-0.3168612842476567,-0.856218767404318
-0.08392877599244064,-0.8111320588106689
-0.014606292823149292,0.8719284408552993
-0.07539437182132047,-0.17424158775833903
-0.26757990549743904,0.9260410546342028
-0.21426284788232153,0.9788034919220636
0.028296696649902975,1.0399105871726482
0.06699313940493368,-0.1068957724607358
0.029949029465090926,-0.5505841427691474
-0.32708131405692153,-1.0115410996114598
-0.14949455089316455,0.10256888728575086
-0.31262474823353115,-0.9737051384155606
0.017486388083054027,-0.6240716405296122
0.03865105398968671,0.5440075767024622
-0.07766085693620495,-0.035429128851320324
-0.24832213006854875,-0.6648351415779529
-0.2197700618222851,-0.7323782483459563
-0.1771443453438879,0.3560409835448911
-0.1749679617819786,-0.5589894683128643
-0.0543905963500908,-0.9492952886181366
-0.29092463957925885,-0.13592492944860776
-0.2348792696829789,-0.4203037691444597
-0.04549792792883389,-0.7282797672782049
-0.2854067588840645,0.622474132008204
-0.019879990388434354,-0.26100675915514826
0.07034563489464185,0.2225393356918694
-0.025048950442402962,-0.5373380548608369
-0.11706737753094254,-0.47910871952425577
-0.06082544390911382,0.6555173029001088
-0.2881678711798381,0.015452893761019203
-0.10223954664062473,0.6940344771147721
-0.1608635019889988,-0.6882235299929877
-0.15076373896989592,-0.21495402881217965
-0.14164277244322365,-0.5405273391050309
-0.2867446619599874,0.6679691904593661
-0.0684520346543156,0.2255465287223818
-0.24633944012652575,0.47529939830155554
-0.20679648845958942,-0.93088455383285
-0.32435476217242654,-0.6501025877360158
0.07323856985849408,-0.1747714106614467
-0.0005407512935944325,-0.9873239152765673
0.03382223923287153,0.8553544152062755
0.051537620485558655,-0.9417662250901238
0.01081040012530643,-0.9120401214863637
-0.28663149831462187,-0.9960975039521828
-0.31656847771964847,-0.41242222963868336
-0.08681022271871885,0.11794329928057003
-0.07043920810315729,-0.4852783301899203
-0.10593080446208969,0.0007067297956906688
-0.06242204080570879,-0.36928900291711303
-0.24247967531442027,-0.8360720157086322
0.012696019211255738,0.1112973912374577
-0.018818817909609376,-0.9302617810093657
-0.16722919332262132,0.7518377154480765
-0.24495941835715618,0.24816409999241273
0.09396001765711448,-1.0313501325110337
-0.04905908348036592,0.07930462196075036
-0.074790599129813,-0.1851390565252864
-0.1536515674559551,-0.11940078696778603
0.039279771767845695,0.30260935834119884
-0.048903324650861,-0.5938811695005712
-0.27365050062048946,-0.44019126649932433
-0.07607855687408493,0.2710083977647079
-0.19479566170898277,0.48982072927915277
-0.040090435845984373,0.08885086562803828
-0.15740614711238,-0.5347172921593586
-0.2935173683425272,-0.7849338730444122
-0.016873818854614697,0.5273474482190038
0.02073242475447623,0.6742844627984088
-0.030141548899231374,-0.3321956247685107
-0.11566342451199452,-0.22009515792754952
0.061790832982592026,0.5094564462802816
0.050110859228233995,0.0662801571362918
0.10199444260484203,0.5432027077282549
-0.22128519246132772,-0.7748853015211574
-0.2875015478429037,-0.06351391178884055
-0.2594403332454762,-0.9395490124050719
-0.1520398228091402,0.44887426919184603
-0.29363159037858066,0.02433806202982344
0.08124059506272063,0.7243456411329062
-0.2833649816939068,-1.0287584027933632
-0.23570828676848476,0.8346311558300583
-0.13629231978640943,0.014031629760389415
0.02797483747819962,0.979856662679562
0.05634479538692272,-0.5604458470814695
-0.15458048507931377,0.8199229015437602
0.09619143491022308,0.9443393717035051
-0.07120666505323703,-0.334898232732472
-0.29839916596791394,-0.8581835940949147
-0.11178255903105727,-0.9023474741884295
-0.20669323839540255,-0.4601803234463801
-0.010631262628849836,0.42814604788676036
0.041683638418958946,-0.6949505125829173
-0.01613945530505445,0.7237487224408159
-0.24701742411821082,-0.7321658500093847
0.0983387293792033,0.8173770873503641
0.10809375635472307,0.7482077676526845
-0.15365847065019755,-0.980781426237315
-0.08387243562550095,0.30600776651167305
-0.13233335393158008,-0.04602278367486741
0.0666663926523432,0.3712707630921604
-0.3015279584364279,-0.6569701859458784
-0.32661523210802346,-0.6187254184901014
-0.23677498494143545,-0.7116798763516285
-0.020441976191416522,0.2834539387006618
-0.18091023123249272,-0.8844367969782468
-0.06400170027475482,0.4955076813510733
-0.10147549027441538,-1.0375881074043232
-0.17311464787510056,-0.8774951083957647
-0.3036609092249345,-0.36344534073841556
-0.2399497992703994,-0.13265700871004873
-0.11726539537482517,-0.0705438537989189
0.010972654498210055,-0.9338841665858769
-0.23362029294726216,0.1225736775368067
-0.10848560187478418,0.39660104188362355
-0.3037784153919679,-0.19992995891606985
-0.23274745991367507,0.13366962465368099
0.004754771836308236,-0.15871018951420343
-0.04387598551173921,-0.9016352274019147
-0.037417804639680474,-0.2942786686732991
-0.20770758542907652,0.35062317594220277
-0.2017585600511531,-0.6571316868791016
-0.2942027751775471,-0.8293966816719853
-0.030505595726125767,0.7919412139312298
-0.26642558012350737,0.9598224918658805
-0.2885142544211906,0.7017554642283798
-0.3156950837820638,0.9232481444411704
-0.19977543077938575,-0.23363764155646383
-0.2277207274907196,-0.03326918210323832
0.017276272563232387,-0.7864078791997737
0.05136145211689358,0.553914351869481
0.10086550630341007,0.775548233076358
-0.20932154746630138,-0.8408658832378977
-0.2906965911124637,-0.6363709595275597
-0.0692202366138639,0.4857367209197835
-0.1773293224984971,-1.0265712294268183
-0.09294083006946297,-0.9387749416560243
-0.18905147058883598,-0.5550739914453703
0.04620496952636555,-0.9953216806567705
-0.16360505498016165,0.10903296329158618
-0.25500762553331957,0.24715737895410247
-0.24701972455625132,0.03786835884002115
0.04384513239368548,0.12725335853825315
-0.08496745530248562,-0.09936505558905981
-0.05896145883592396,-0.8339601138211402
0.04953039840788054,0.7491470015973271
-0.18395680222003163,-1.022432240570843
-0.28343822884256964,0.008461753698641898
-0.21344817410451256,0.8452336170944165
-0.08746962988445706,-0.7857771559146112
-0.23088644581903395,0.6398026305414454
0.08617982154971127,0.6076996542356855
-0.2501432549769216,-0.4631298188875896
-0.17701199158954417,0.2133708945148683
-0.1255508201281924,0.498245325567996
0.02590131286508912,-0.2342271500897936
-0.043339924299786836,0.1415608253143157
-0.1101058320566245,-0.5295704556684909
-0.0398293407652075,0.1235268207458808
-0.17161728963253986,0.3343678437353909
-0.13025864614489235,0.4732593856581226
-0.09444086626698778,0.19831293428440364
0.07236267954577169,-0.8532291767242748
-0.1720764616895657,-0.49769001008653907
0.08817836445842708,-0.8404374583495121
-0.24450454619094542,0.05393308505868751
-0.20627205424907757,0.6545638665704109
0.058688971782493216,0.5330060314250914
-0.23103634264883477,0.9712405685137293
-0.32014679222907017,-1.0324277308826193
-0.2396300797608346,-0.7969534907598156
-0.25536429406756644,-0.14309612716709585
-0.0011228171182524616,0.3926896207560279
-0.05294437325017154,0.03719535745058881
0.07343794549119076,0.2803321696134032
-0.32185192925706885,-0.8659106316185498
-0.24419809123091185,0.5982492286538413
-0.23757282187630946,-0.22475827055049802
-0.22062114310584535,0.38167368485342323
-0.14045808305672436,0.491304430317293
-0.12785444011855396,0.4576795966587863
-0.3365403288231882,-0.6544493917535088
-0.26541452444202873,-0.1128584893220545
0.07822183799855154,0.6638131333534079
-0.2349700556522466,-0.6001841036145137
-0.028732363518624404,0.9313738472741842
-0.009159659425877487,0.1690939309479751
0.06614241218130801,0.8475496184767921
-0.1502399894094234,0.21430729166866
-0.06774931087011526,0.18581540159789328
-0.20107192256116457,0.036481891954610726
0.003690469781500512,-0.7435638660518782
0.1164227068490958,-0.7359450890311596
-0.4261346060632911,0.9425119713491037
-0.08671668062553049,-0.17690361218090564
0.06295153265014206,-0.7441966369228635
-0.19386415604892926,-0.5561200633626837
0.10176056348048748,-0.9345868410357352
-0.3324008000311724,-0.15893108149874582
-0.11272935961774154,-0.5257520653148161
-0.024592215027144624,0.8158418456193345
-0.17060590895958613,0.36896676935060596
-0.2970703854047415,-0.18813242313245768
0.009283578508231716,0.01449865159498065
-0.08693045578626785,0.5410209059815468
-0.40110930836236713,-0.6091291023495254
0.004253725124246913,-0.8148641418010213
-0.054466589328811627,0.35561634372229656
-0.1545488401452217,-0.39060706994104555
-0.19774600207580054,-0.042517870365816446
0.17121877332877744,0.7922503068087453
-0.1830322055582531,0.502574865679348
0.021767543116798283,0.4007151648065022
-0.10968371827164419,0.31579381381765587
-0.32892039436359943,1.0135965516639287
0.09427742487674931,0.9707132520989021
0.16469241117132527,-0.8243564077350142
-0.22042297218923845,0.06574665577646434
-0.09454357458600747,0.39716908158589487
0.14454312773943118,0.29711939469854026
-0.14070320647371348,-0.1474883831017341
0.08128947201177605,0.5803870591505794
-0.3627804468183151,-0.1594882469275668
0.10115682731018816,0.8656593114121931
0.10449335975116025,-0.7720892932871982
0.16166671293718604,0.7558008542770607
-0.10727334413017657,0.8796060332021999
0.16431628185546898,-0.7363475792785008
-0.13602361046731912,-0.47603198262710644
-0.24956401151519766,-0.5473574682883781
-0.12103408238779957,0.34078797171460745
-0.030517021980993396,-0.8616207372002262
0.023597641694381884,0.4657647306494966
0.054845820068770736,-0.6523576208337987
-0.08781874322913151,0.001101941641373665
0.06107139113635951,-0.37178032033513503
-0.2147560449275713,0.3810139439941408
-0.16266491303360184,0.693736237021756
0.07820750479604173,-0.6077964167836236
0.005583735206560108,-0.5637217834699173
-0.22869416446170726,0.35666700282114133
-0.21094122966788043,-0.43686952499927906
-0.44844063460615713,0.917048522906509
-0.020864038583360382,0.21555381811743632
-0.0959462023155768,0.30298966288975604
-0.09219639792071471,-0.25388339087711564
-0.31114616416421725,0.5883788429544059
-0.12646340767074826,-0.450273680089871
-0.3004118148769671,-0.43558979896364736
-0.3174948206376964,0.6285214705483932
0.06369411485508694,0.07834716670218402
-0.2272276082144341,-0.5015988272614491
-0.16978465724003328,-0.21256211022249277
-0.34098895358750464,-0.9097514020043186
-0.08774460845468986,0.16489105452978123
-0.16490032083340012,0.26134679632104346
-0.06310411595822224,0.7311758324665547
0.04442358099256312,-0.9388891407341982
0.09158398039131094,-0.7182377645689146
0.1733959734722913,-0.5934531938520755
-0.004077150130257695,0.285415581747335
-0.08873590769310978,0.906864831376922
-0.2912332872663119,0.24336229746199198
-0.15221303774150344,0.8300007340015435
0.090870053604522,0.6028046008352445
-0.268941401523515,0.4767414443552703
-0.051737646816117484,0.3093096395726851
-0.03208073929291007,0.13873103617725327
0.17162379901210906,0.2958619866071221
-0.1354198015749734,0.9148378053783089
-0.040997692833900624,-0.7371274154176645
-0.3743213070684107,-0.00317238016450834
-0.1109873651886732,-0.27196146419974543
0.043295803596091545,-0.6798828675312854
0.11495474798084523,-0.12870398614559891
-0.025222708431471067,-0.4013195694047081
-0.2577323296862974,0.9212770771309238
-0.15153122616384865,-0.777721860397891
-0.46285699449317863,-0.08429437180100069
-0.12564844659336843,0.3231809023972097
0.1606829975501578,0.04652824317333982
-0.13313185835900088,0.5002645180676321
0.06688968436327913,-0.18323010659780242
-0.2923037315044703,-0.037859024926060185
-0.18297572312076937,-0.21477844870827112
-0.1589064137772862,-0.21406836940040957
-0.10102188352406705,0.27902463601250216
-0.28701925785946436,-0.416835994147226
-0.06884524992387275,-0.47398559104910587
-0.30874410041197065,-0.2802449281002909
-0.14131639386519845,-0.6111768999696044
-0.16141929566787372,0.08624224424577588
-0.018214800524956942,-0.9904373081622584
-0.03470952973453434,-0.8767821719569198
-0.29182288497890685,0.30772551151708627
-0.11536944971902852,-0.2782316704757477
-0.16909934716493824,-0.2105559807696738
-0.010133724398116328,0.7155985121198418
-0.28658691910253964,-0.49765103613592954
0.031309616261127715,0.037104916440377576
-0.21421500640474322,0.07279546603768224
-0.17313339457776777,-0.3870459664613852
-0.2518107950989994,-0.5499876518374139
0.06637285169480389,0.2546940822693982
-0.008034063805776981,-1.031108326730152
-0.19412096179244998,0.6511246692457135
-0.14754694645894517,-0.7332394421535968
-0.029473533126882057,0.4436442483240948
-0.18216012515616553,-0.9186364587909104
0.05341211883655461,-0.31016046846039647
-0.2524916748753996,0.11952862608334684
-0.019743914951781516,-0.18783310844887707
-0.2206803608243093,0.7358550890143027
0.026759142452202234,0.7450103105385921
-0.027563969981081016,-0.8608077602957155
-0.22164985300882334,-0.5523791224401933
-0.28813735648264327,0.4469434482892074
0.0013492643774379864,0.18086629734563506
-0.0990468877208679,-0.9571082894068004
-0.32334922566337987,-0.3003949774042034
-0.03278537737585463,-0.5807090674088341
-0.29360485386650037,0.8338753876929899
-0.15273391235414158,0.32848914958789166
-0.30296427221048994,-0.8013542349700876
-0.2619908670922899,-0.25059448582202865
-0.003783245904025012,0.3995586897012076
-0.26803498988819596,0.6156436267357529
-0.04904349427492649,0.09355854238644662
-0.07851718620398884,0.2950482055368327
-0.2923303031611373,0.8909612643123552
-0.26345978837360384,0.6870152785968756
-0.020511093933664792,1.0223073664999476
0.047388083421026295,-0.30273319678877786
-0.25572742764660106,-0.45237066334894593
-0.12764591194021113,-0.505405695348775
-0.0670677640264743,1.0072310765617118
-0.3020544041111468,-0.09052036751436865
-0.15432754033933005,-0.467532588375999
-0.2736544019703171,0.9173620062855813
-0.21275186410725633,0.8034835514605645
-0.2932784624372915,-0.3849279613650471
-0.024500653573792164,-0.2685489146447743
-0.17760574634876747,-0.54896266450477
0.04071578920965502,0.11614623586893218
-0.2749690257843671,-0.2010244913951531
-0.3383164973591244,0.9701832364663516
-0.2735157949394136,-0.8238007462730734
0.02947360857010084,0.6793754051406264
-0.30026384948277984,-0.3099785996069416
-0.0020295471765914286,-0.17485578600764218
-0.09771947212849286,0.8050444870795952
-0.119341446717244,-0.5503838270830735
-0.2686552283874124,0.851415392243113
-0.24875876921413198,0.19697069494924124
-0.2918370155303469,0.8616176003375646
-0.1301859099460052,0.2790770415764367
-0.23685367553886172,0.41368902886987985
-0.19090390197105123,-0.7750321933741388
-0.08723757153664868,-0.8747985717180934
-0.045091667154514514,0.4414212293511626
-0.05608405561124785,-0.9786954544462309
0.0190114852106551,0.8172234994191093
-0.16080475175616904,-0.7652481965886552
-0.21263160580090013,0.35634951882657717
-0.25815029644902676,1.0469211902716344
-0.11534704373672122,1.0384697759309598
-0.01259355765900505,0.052131418713828766
-0.10305234578288669,-0.7858061777648996
-0.3027479589541362,0.15520409687512435
-0.08714378381563748,0.9679296849619716
0.06885001624150178,-0.19069499051280386
-0.1856626513690932,-0.23016912005369566
0.014975051533282664,0.1262507841111396
-0.1454104037191089,-0.8199460118868254
0.20002622243333534,0.3896723345412884
-0.149522424940209,-0.11191036257598523
-0.003151407478525041,0.7828760690469809
0.08805989126904551,0.2782713666379011
-0.3089261912405843,0.38429110008949086
-0.0601770458873815,0.8085922924905264
0.01271504128561301,0.2358719983714949
-0.19872196048819651,0.6082370159642124
-0.1989545609677955,-0.3687958084676388
-0.3287351366942522,0.0062533163505438276
-0.1720402763237528,-0.7696581759128234
0.07784441071259697,0.11176714264351305
-0.47185156394985156,-0.06966826043210186
-0.2528526683399194,0.688694001169035
-0.2632262675989888,0.6499528586653602
-0.3550692884737995,0.7240944655764301
-0.4252985187606998,0.9972262575696903
-0.04048905720256678,-0.2489262214334885
0.16424741225720668,-0.7182555332532546
-0.023907362896181953,-0.7458824764768182
0.01668429886912723,-0.12653959576620247
0.07664579306490288,0.7378909639412418
-0.16336407854298918,0.35968342893312444
-0.3072422376814322,0.44886597583844734
-0.08359821697826261,0.21748192665963512
-0.21510765688577088,-1.0322050710373365
-0.10309713667503634,-0.9327594207125052
-0.38799573818561905,-0.6288862026487277
-0.10801680401313443,0.7945605501242927
0.057312300615753556,0.6161552059468345
-0.10453446993256582,0.17728344357782783
0.08235584268079253,-0.9018807412949138
0.005232079272900294,-0.7803472131211376
-0.11976558237793603,-0.8578399152396113
-0.3393857402705518,-0.2075248110009341
-0.3501155562903065,-0.09460016422833613
-0.3300336380049767,-0.6153790036622772
-0.23224569038173573,-0.8007721198636827
-0.2052971525070903,-0.18323629576364525
0.021664769118719156,0.9563480577428127
-0.24314804358140096,0.06377096255170053
-0.19712285210104022,0.8188704731138492
-0.36436778463659136,0.5933885339249906
0.14882368675729854,0.8376568346226544
0.20992064165523394,-0.2830841353792863
-0.2067435648359256,-0.9904631519117966
-0.14697249465914186,-0.7103530527027085
-0.3997879541539618,0.3144537419202442
-0.4686466779472701,0.4138544911562963
-0.30567506530170724,0.7411080608307038
-0.29522940398379904,-0.5475372480934285
-0.26092028128976097,0.17949495172254276
-0.1956002890642431,0.736741385629069
0.030761255061545003,0.6516808639558722
-0.43932635945850884,0.5447379834308248
0.050501064234530484,-0.8950443814523706
0.01934297081661734,-0.2495084976264937
-0.001374524614594099,-0.8159991055715357
0.09009644722521698,0.8521362852226981
-0.17201935149005565,-0.018313508316387936
-0.049523646022040256,-0.4529439976602591
0.2043581730909098,-0.4327163005887936
0.00030241926036254094,-0.613508320716074
-0.13945291881331806,-0.30819532749518247
0.1293412590895323,-0.265843223582692
-0.3646241275473619,0.06742593453936532
-0.13692631690571372,0.8719464124794742
-0.3223535491487359,-0.29552787955670895
-0.13468500635297853,-0.3182962523691492
-0.2853726250821108,0.8792431943540823
-0.33657921092003407,-0.3987027986878742
-0.07636224960884644,0.006104725913320318
-0.028322823387660078,-1.0301040202105456
-0.18383652150834232,1.0308958763101843
-0.04547883556361991,0.15743136892439255
-0.13944692112712828,-0.06448145334719117
0.06862348002332186,0.7976793142041523
0.10919671579722105,0.4486359038400069
-0.2003789332885149,0.11610164841730584
0.007938436408893187,-0.7459481751097269
-0.33249421692997316,-1.0295586393011151
-0.4377558988589597,0.2631017693807611
-0.03181613688929252,0.3330165927978637
-0.31185963571125586,0.7429321513756202
-0.22368173048283718,-0.5792311208418005
0.09673229309936703,-0.584972396826519
-0.32646483725938114,-0.5111702685117749
-0.04342513832438055,-0.39224969624937217
-0.22774825201459503,-0.6942139123022919
-0.22063128928892173,-0.8043693489130204
-0.23665866487377074,1.0278593049799556
0.045913910234518074,0.663858673705121
-0.13366740457040738,-0.016397413125967073
-0.08848635453624698,-0.637741492369521
-0.03748375572241658,0.6190317527547438
0.028287976638127876,0.9011667079265983
-0.04745107380846225,-0.8933970086214406
-0.3080901693494087,0.33171246828464235
-0.07247529551672505,-0.5571304288264354
-0.25374815752395796,-0.5406383673183369
0.028584870569058674,0.27730122132216234
0.03670031273111185,-0.006475155799534824
0.0799745754055835,-0.8860694935591027
0.02147060103354248,-0.8185078076449609
-0.17760953646352684,0.7117426625057865
-0.28990732660832097,-0.20925536789459792
-0.2599262765528283,-0.5582990324116106
-0.2840819602032839,0.6797811614414586
-0.08466078344680594,-0.7578283333036191
-0.29711298859819146,0.7298364313616073
-0.27380372109374373,-0.5415967154273721
-0.05189139170279777,-0.5866294606838273
-0.31740714729994324,0.9975965183760555
-0.16281875096065013,0.017935129741738557
0.011341504671763758,-0.5990019137117296
0.07075656200101388,-0.31726738248515635
-0.3033865475963331,0.700088469458163
-0.11200026964657828,0.4028592260771496
0.07313481888717588,0.9214843624664876
-0.09956186522589705,0.6114540281706442
-0.29779918516492054,0.7449075647834336
-0.22053600655816097,-0.1487619428455088
0.06906798153812554,0.5583650327921046
-0.07911849391409453,0.8674640105916409
-0.29030174295361544,0.7597294193507206
-0.2788060202741166,-0.9149272388875261
-0.182431847629402,0.7260062420538881
-0.23614210106697886,-0.23030327921441598
-0.2621036435459332,-0.6824102343483499
-0.08130036650411332,0.9263425712874768
-0.29248980067137187,0.49038015433344057
-0.22689660153022861,-0.7255812130487292
-0.05782073509290131,0.9038913835557445
-0.02623998357173929,-0.6464816264216714
-0.14719512995618345,-0.5197931237997089
0.037722294367370734,0.838820983412784
-0.28405876245058226,-0.35462286235350865
-0.313840048352206,0.9990163503783488
-0.2582092252797349,0.5263323276631677
-0.09819251779466087,0.5185469644161496
0.05600170794524684,0.7404001371332811
0.011346100928786074,-0.47402813500358126
0.024375566992891784,0.9095268301235546
-0.2750601391623586,0.38468819395461834
-0.24800792226873547,-0.6412555140549328
-0.03212039731398886,0.019231532584101565
0.05251908184056009,-0.6319626185847853
0.031446129096806885,-0.2705601555576125
-0.16062739462401665,0.6321892910217238
-0.26051599403280057,0.6193772444828236
-0.21958897064669636,-0.8587121832317853
-0.2215946908010935,-0.27639152540441175
-0.14924678767877353,-0.3034070164164105
-0.18592602339377073,0.43577464885211753
0.0606460908575841,0.34841384195076963
-0.16941851303694666,0.8262505922565656
-0.18730374173159714,0.5417645098101078
-0.25360583079831756,-0.9369281822529254
-0.2760885780430442,-0.4671692190074779
-0.1421784459748059,0.8572272726083299
-0.19215955642184068,-0.4427335726346414
0.07108783301679489,-0.9928924050043244
-0.12625929699484073,0.48338744903239755
-0.2108254000002865,-0.5798670767077336
-0.25657126827389853,-0.7873103291865998
-0.28859693461363534,-0.7438992448621965
0.03477934713031505,0.2919427341431044
-0.007367451744179188,0.7665201591426413
-0.141587067572976,0.9024201865478013
-0.10584307876505361,1.0234725415585395
-0.06465914822106567,-0.24697999130849888
-0.0639883743662536,-0.32553535625608815
0.009999198737052906,0.22804608544640986
0.06623961748257723,0.1044176879396322
0.047925346679267844,-0.7946735854114751
-0.032303599316905296,-0.6845804953043995
-0.26127177066663176,0.6718849307634056
-0.3832198021970421,0.3445573534748499
-0.14155910175301395,0.8788884177106668
-0.2098740090866706,0.025746057566085757
-0.0869284778321742,-0.13917082797458402
0.1641847595896725,-0.3970010894334117
-0.20158259538033685,-0.5250422397045972
-0.17362273950684928,0.8360854486022653
-0.02679245407538214,0.09955138174704127
-0.018265889458311195,-0.5579435463486511
0.10916542011560001,0.8721962984671663
-0.18407703827565344,0.44619611690453753
-0.13230374190585542,-0.42000364693143205
-0.22053584034064533,0.7709822109889976
0.06018317963398961,0.17749646967821398
-0.1932579734294378,0.9284564938452489
-0.12726577365724775,-0.8719344746222479
-0.15806230125298437,-0.5091535784140123
-0.039342129736013386,-1.0290947347717818
-0.27990053314341523,1.0385574984557786
-0.295990861891759,-0.30265938215156074
-0.18113305589279283,0.6266872771854782
-0.33005086003185075,-0.756501189425652
-0.07341350232024604,-0.01624266196474225
0.011983824143235386,-0.46572518954392644
-0.2669046963213485,-0.7731884438915033
0.17155699937003044,-0.9391853049767324
-0.17549668375827648,-0.4378398405847989
-0.18177957300966702,-0.34284552757530584
-0.3191298065809512,-0.17129710937234444
-0.3679311434161039,-0.7038865565164262
-0.18181322756950538,-0.07254831752084434
-0.24019254871738752,0.9959387488403578
0.12650661711527303,0.8994769247716975
-0.25356829337913206,-0.12692563103355142
0.08928590582488462,0.7757840583402748
-0.3464521762127365,0.023350578812973272
0.10687484641582076,-1.0043358556245434
-0.21301141216823805,-0.21581849697032884
-0.24878536465548545,-0.6777876201180907
-0.2743640807465645,0.5988342749763063
0.2300499298856779,-0.7431548718034267
-0.11046160451902753,0.11659825054406346
-0.13959996484205395,0.7331286387259248
0.19564314722161188,-0.05934220070433635
-0.2821778270505689,-0.5774043019120949
0.21013371869748482,0.5195159156182347
-0.21491187146865073,-0.245536801748399
-0.23745323601339446,-0.5954215292724203
-0.12278691023793745,0.6466768222633071
-0.16278700868677207,0.2191642895404892
-0.3299693888637253,0.8384157587601531
-0.1797830497350899,-1.022567797804654
-0.2553613168265635,-0.3664623141265232
-0.21549633139826477,-1.0119608881419935
-0.18573178217743408,-0.2222505092832378
-0.006610668534899464,-0.2947975262753459
-0.005936747620139709,-0.021177099238163407
-0.246981117485626,0.9072593301911676
0.005430745187135931,-0.3098024869570637
0.07391886647953926,0.5531842432298583
0.07948450790591897,-0.7939954613924953
-0.07734447564125355,-0.5223792761890161
-0.07223044474581715,-0.3750944866543224
0.1725587007392791,-0.2388399973514263
-0.024464603448756922,0.3254083471865748
-0.28249162049898624,0.425516673931182
-0.2523520082789458,-0.07532280748996543
0.10430851939619615,1.028759144105912
-0.036743650528755605,-1.037178439288664
0.040525388266579296,0.5587750015438021
-0.11852914022054596,0.8043581101952061
0.1559342606304949,-0.9353083630069572
-0.006674318213576812,-0.6962068640915651
-0.19782880738290354,-0.9196350051439011
-0.2822035603109265,-0.881597090269862
-0.420149414024413,-0.26640328495530485
0.026147878705633593,-0.4980046957100199
0.030388344250631437,-0.9985729030430648
-0.2546670773515704,0.15062711890820102
-0.4000216328296597,0.11452162313588282
-0.23714676022073825,-0.8207913888865241
-0.1753976547215956,0.11641035991963684
-0.23118166933130108,-0.5231027308006836
0.09623216870543636,-0.14313781599213354
-0.20705224735564803,-0.5454985524447038
0.09933227434104278,-0.8654786782714142
-0.05943815308595005,0.19310681370157087
-0.3241898248093047,1.0414544181693497
-0.05034518167941188,-0.2471363050094467
-0.4111242221870697,-0.4654929366994045
0.08947926857994054,-0.34877720784353056
-0.18937469686567213,0.3394509264364587
0.0888820183987821,0.4410045408249966
-0.22675080906003328,-0.5818066675360267
0.18392198168824564,-0.4159748555475109
0.14226549661849075,-0.5211122328914045
-0.05172133488105013,0.20594759245064123
-0.0014537537783667666,0.43787791899041145
-0.32382285535544536,0.34161762052689193
-0.32113684861479674,-0.8041173040488365
-0.2664968890576374,0.04279419494534083
-0.19106412701504352,-0.831909990995548
-0.22686305291583186,0.599216006176077
-0.3046471497610269,0.10563090284577498
-0.28846267771344997,-0.15117422378442366
-0.12037753351116093,-0.4235487749683834
0.13834868220438076,0.22747509449685274
-0.06307111733017425,-0.7652907144601631
0.055446760539378456,0.39130666279099463
-0.08707943042946856,-0.634225041820462
-0.15257703286128677,-0.28858807610013554
-0.19669962821945494,-0.06289677818661936
-0.08528607628945112,-0.8298710949053992
-0.22824570988511655,0.818968368203091
-0.08870958689151386,0.8460059705006797
0.008019900320697949,-0.9976703132254613
-0.07282035145232321,1.0046868034376035
-0.13755910746588967,0.7612220101689303
-0.14472319789902446,0.8472902633144084
-0.1362894359587415,-0.25857828180078446
-0.3240630604657914,0.8178510876258774
-0.22431782630731545,-0.8532466147392552
-0.06901066678898132,-0.4389774312766896
-0.22581660993125136,-0.4205965982602568
-0.11112667654503575,-0.9582637335114002
-0.3899277147824328,0.6261885324471502
0.00016552060456980248,0.024026972626049532
-0.0673000300640388,0.556096207556096
-0.3215659800733943,0.6971470790397041
0.03849392254997251,0.42934702031730426
-0.323686634618219,0.5980271506928481
-0.05045620892229376,0.6219036393961186
0.08249305804250588,0.6415092640332858
0.23773383583821034,-1.026144716649296
-0.5335516399348874,0.7151672623180823
-0.3055484411702932,-0.5282367093562693
-0.01498635495153326,0.6196829197819071
-0.12233279554293229,-0.5740289879001934
-0.2922297425872494,0.8992449880686447
-0.14243412601797362,-0.806901653802388
-0.31147437494538033,0.37803839791294436
0.05675822475508411,-0.8669403792766901
0.06476919493151098,0.6936464154568264
0.10659697905087667,-0.32249777325231055
0.03600019465399954,0.7000172127928813
-0.14519722400017052,-0.8105301592832328
-0.09084912873744971,-0.3083517377903577
-0.38105807924188734,-0.7283538019971523
-0.08995643830921243,-0.06749639330134928
-0.17034434326658288,-0.9493000486379188
-0.009984300573385408,-0.1718613247477129
-0.2887547020624319,-0.5407010367114108
-0.12761391932515082,0.08972306288755391
-0.3243384714727433,0.2505827989054355
0.10453266557366073,0.19412631269039435
-0.27103384764970984,0.8141279032501936
-0.3151709570164795,-0.06423090153670498
-0.323284609190835,0.8941905514672419
0.10592379886130567,0.19097452757455136
-0.20352963535218183,-0.2707751168838423
-0.483647239347222,-0.6565499999524178
-0.25895074545059793,0.28787040899912053
-0.35831418509746593,0.7858799452309458
0.1424085567590473,0.9602381270221076
-0.3042600361955756,0.06410045888432366
-0.22755081246924255,-0.6831738885034396
-0.09068502007001615,-0.37035722670214877
-0.35646341113555075,-0.9234890643922312
-0.13074805943849815,0.7442178350663003
0.08148621875299883,0.44300565998862507
0.10663820750638203,-0.33551737490026523
-0.3448358277285409,0.44725407247477833
-0.3370904250151344,0.13800829305295326
-0.20563578068842137,-0.7505433007587995
-0.26077588837247784,-0.9416941777939224
-0.2904311149617933,0.6553690360115014
-0.39962301669160916,-0.29503956642819057
-0.21181461758643982,0.3334181626012888
0.018099660868122168,0.9785806956261718
0.08569444629063043,0.7740418562818834
-0.1367369329563365,0.6979457978870978
-0.035039687995024105,-0.9446507214941471
-0.07848949986838272,0.017649842647281533
-0.08809588819809722,-0.810495087900964
-0.1935896173816486,0.4630962238732886
-0.01820353051222956,0.3089673194781053
0.061824253756067815,0.48322217509783727
0.02316622241633781,-0.4505546113998057
-0.23645237261248098,-0.14498391348621312
-0.19424926862476488,-0.2827194384490929
-0.04869049696350414,0.06377377014293546
-0.2844430338433632,-0.3181836255894407
-0.3046772083231839,0.5477247628649685
-0.1354268614103401,0.6878560959186528
-0.07154728214739059,0.32042078685787695
0.023824121549064436,0.06272915174371259
0.0023003791572147048,0.251661751632693
-0.212734082610741,1.0327677228591559
-0.26974611934270853,-0.9067121639208578
-0.19950590770646548,-0.5397160942831997
0.1413180479632321,0.36008869208299293
-0.2891477111023377,0.3832020494863759
-0.1691674597724142,-0.9931381904815985
0.056607724688970684,-0.5124366629874845
0.05168999088297077,-0.2231667159129857
0.06274309236492259,-0.7229942586951814
-0.2618821023670539,-0.6849643794453184
-0.2452671835459792,0.27072226292654045
-0.20130034815471776,0.12090847276606219
-0.037236328457563084,-0.35118885540692646
0.018611271658445006,1.0464327659610626
0.0820288120199677,0.9631284022579308
-0.16388865172194866,0.17885814647371698
-0.029618920748273547,0.704965283071237
-0.13652365419393941,0.22689224920486417
-0.199357707543117,-0.21223803659845317
-0.19865926658383404,-0.4947861571037206
-0.27587796633072825,-0.8614750704999314
-0.0064148235984238244,-0.1788170750778251
-0.0867041054595088,-0.8475830076004547
-0.17423541907226525,0.5151692358189882
-0.19265179514274777,0.6750461635640874
-0.2487139271299168,-0.5995592615983013
0.022215447472236693,0.3588503750162123
-0.17415556319244052,-0.4261679455375442
0.0612001594175251,-0.0655703199305485
0.0982720480660142,0.9431819492236505
-0.3162151703336349,-0.540352529965625
-0.11486162582984583,-0.6206673337396071
-0.2825060879432111,0.1420925508804939
-0.06444002826757578,0.5798988384543639
-0.13315515706295666,0.09958803942311409
-0.09672862740923704,-0.5580559525183321
-0.25703496951487725,-0.6297117598871063
-0.1930388199132972,-1.0138982538496677
-0.30202612120636574,-0.435321139786885
-0.012533688301227586,-1.0222730449767972
-0.22889649374655086,0.9730588779596367
0.03188634598197648,-0.1441484846911189
-0.1085177917509329,-0.37026091264433153
-0.18135652000039537,-0.7802726724671042
-0.23456696567600044,0.554980259763492
-0.16761717085547967,0.9020019906397411
-0.31584051371569755,-0.30744452162626607
-0.013925186701414849,-0.8454700509683873
0.02070534896939047,-0.3969274362438325
-0.12924368542917208,0.402501242320055
0.07460649262340402,0.770697877730689
-0.118523381375366,-0.6595403272920588
-0.23477607182627813,0.15674016144309943
-0.14887199972569898,0.09348869368169806
-0.027746165206330664,-0.12982635130157483
-0.22702888012727684,0.5861644393256207
-0.14370933004591124,0.28388586455290055
-0.23597617751443944,0.9909247361527197
-0.21598794840758395,-0.7026049936869796
-0.20645008024652745,0.45942399386632676
-0.2640392593929499,-0.2573122027307695
-0.28237899288489676,-0.9132193320046136
0.07947439749048413,1.021534014014553
0.02320845873788302,-0.9684332741331765
-0.11434445115764735,0.22287473581752873
-0.07456005884163974,-0.8346157623524162
0.025975647686265035,0.8871106310368198
-0.2701665674692524,0.9568382809843643
-0.2651287756404982,0.08369394624215303
-0.03803748794536532,0.223764881894195
-0.16637799130919717,-0.33419739893443795
0.03191130826396926,-0.6565974001780641
0.0045044617225976635,0.26052560786383777
-0.29008721796438897,0.009326823927498078
-0.24004761849049583,-0.8394257218336838
0.0535213265455039,-0.20549726207426344
0.07896723405153949,0.2842309698487234
-0.15661969803529363,0.9812378200573201
-0.23458761384970095,0.8764021784788928
0.037285178468724034,-0.6339709941150891
-0.19849744169147998,-0.5195171842866138
0.004718449789726575,-0.18311159984628889
-0.30506662632338744,0.12293247166946548
-0.031988756250314054,-0.5781601366459189
-0.04317958438452241,0.9418473679784661
0.03424589119641652,0.8902831293833947
-0.06004151745508923,0.20062130380058374
-0.26735194130744544,-0.5340031190964404
-0.2899350941509773,-1.0006736554712237
-0.042297044569791,-0.2676063257155704
-0.007133424939858024,0.5506640421489296
-0.1746320522946354,-0.9120342387326141
-0.030189274638830366,0.3377318322631388
0.06463750636160781,-0.6017233763100129
-0.09412953490205389,-0.45276322999838986
0.037043152492877596,-0.25128484953173114
-0.08976312218971749,0.784406539792054
-0.1091566576256695,0.540596819199233
0.080088352826309,-0.7404877892917668
-0.2517107490087933,-0.42209913469682686
-0.29073405044741807,0.6360970598833972
-0.1622688298082493,-0.6188929315789817
0.02618083037763297,-0.11555166223625782
-0.13495566941259396,0.24058139085600536
-0.08973880000348089,-0.5022486117256266
-0.2919860442524487,-0.37372594559981637
-0.16784128458920322,-0.832629636865486
-0.2867155859444477,-0.4549008433882864
-0.02676438306234985,0.6618160409447801
-0.011100892609903434,0.824945713537274
-0.008196643753305866,0.5103786868088565
-0.15811477871807433,0.41937648097670466
0.07635065671969166,-0.024186392264586618
0.015435340896928107,-0.37627592500055734
-0.24828149559672874,0.08751770878272197
0.005755617281149483,0.7248444570228098
0.07662979128427083,0.5095485148369542
-0.22146699329080688,0.8140219873031802
0.048963940199038714,0.42826240661648474
0.09688496288909265,0.9555301210901013
-0.12311603750741362,-0.9621934754354953
-0.12404867980023893,0.41538627911487364
0.004366552688240599,-0.4938680974229354
-0.10942009997094493,0.2002658314917618
-0.2226287858319007,0.1147378334374413
-0.1269009518847033,-0.6674251833842859
-0.09341941429951772,0.31329370541920054
0.06598850765746489,-0.30876187379436515
-0.2185299327999517,0.6843773174184273
-0.29012006579003224,-1.0195986550401288
0.08713989037563907,0.7780802452688496
-0.19723232526797352,-0.0658066522787698
-0.22245365588194366,-0.7336071690038487
-0.14574775491616943,0.9558083365380023
-0.019841441606435195,0.6046304731351271
-0.2941095803207361,-0.5902682015869434
-0.16117216158844827,0.334808576692744
-0.1556089667965299,-0.43654354241774207
-0.002806335722358,0.6594783489249191
-0.005689280635113203,0.6226671712859659
0.012085951521209948,-0.6960226771355823
-0.16027454655813056,-0.6257664541215683
0.013076202032697548,0.946596067589165
-0.20035902677850825,0.30692752535601603
-0.3137583648038049,-0.21699699568673278
-0.0001290447563633279,0.501074704083155
-0.15552243288159584,-0.07487496244305186
-0.14086633750282118,0.5400086376340172
-0.046819666416283434,-0.3411907349443401
-0.29237750594063217,1.0097983549006708
-0.24014289240507392,0.905657381597104
0.042615783194331236,0.501638406421952
0.055980451001016895,0.440390645816671
-0.12684580952638758,-0.7015668489945116
-0.07549142198512726,-0.6146868116759235
-0.15254140588250786,-0.17618915452985284
0.053203181068676386,-0.20839919887374472
-0.1763408435471736,-0.17911959439174455
0.05466858300970867,0.4501941791381355
-0.3070181365067981,-0.2696142081124497
-0.2631209643237358,0.7714594821583084
-0.23723191934145005,-0.1149653169857235
-0.035429712507554,-0.8276373319730783
-0.4250369111670128,0.9360893742785621
0.06703085505578556,-1.0162848835106764
0.06467189299247206,0.3353707495734041
-0.21041490176405997,-0.2406599537736588
0.07526642365280799,-0.4563603852729064
0.1613689987065802,-0.8752059408481249
-0.012565772532636483,-1.0102040468070674
-0.06694774223342165,0.10062203091651459
-0.2952758672640963,0.9640822982523986
-0.30021308151619097,0.11402387358730796
0.05184147935625499,-0.3934454529876195
-0.04704830386525113,0.3059042309122283
0.11129428263456684,-0.1930113782121588
-0.05613992198527593,0.773263038833821
-0.20498129247417374,0.6531046697286618
-0.012849503439230772,-0.9867381225679203
-0.21776975714057675,-0.06472318549234303
-0.26522914246428425,0.432081876661772
-0.022473422314404714,0.5342326226881133
0.005865287753881209,-0.05494889093523351
0.0866316927113909,-0.6735014189266627
0.022850265150327335,-0.6558832999379637
0.07026263951534237,0.7971674577158656
0.027904508804029383,0.8659138822061466
0.10644642347588527,0.43415388154832635
0.15370938626303127,0.30710064247338714
-0.14871928324869424,0.3260003127595695
0.0344889727896439,-0.11223424925710375
-0.28846206051595147,0.09331244307800855
-0.3773870622206077,0.9360079534569977
-0.22241409729704278,-0.8189638260355437
-0.18031145741476004,-0.3982990036642398
-0.0014124807599051148,0.5533037427063744
-0.26386900845526656,-0.6200082872315209
-0.20013064104876407,0.4831768077041442
-0.28708134208869096,-0.2705199822416945
-0.09202161436322337,0.43570878995380324
0.09753672922902817,-0.6868183675242564
-0.5155373198756487,0.5156641211598847
0.008663060160671598,0.2494791988554638
-0.2990703935214204,-0.027923878096487807
0.10864632516610692,1.021998361835316
-0.02413818044276746,-0.19894160791798193
0.08792406275676316,0.3037661081064146
0.15119593175469692,-0.19562343820647557
-0.27987211589392436,0.07651692858802008
-0.2175279301259237,-0.6210400171780114
-0.3466485126637168,-0.6821503258305136
-0.11667328586875997,-0.5674619323364879
-0.08953327150262957,0.2067569890276559
-0.2825537026859581,0.32168910089643926
-0.14242788965912836,-0.6963015830892816
-0.004553459153006194,-0.12712749728412162
-0.5031745410202385,0.9024201552485601
-0.2555837554589869,0.35393080901713864
-0.18167700102261466,0.06289830036093404
-0.22653696848994928,0.7217280555765764
-0.12465041739720872,-0.4869732400626677
-0.24650125907335133,0.5025318370380403
-0.2173016022617448,0.10351222534219297
-0.30897183175292325,-0.45251770860264445
-0.22314797621575505,0.45763227943095997
-0.3324505029087717,0.10642094416252118
0.059611837447185456,0.04195786263056371
-0.17530825009592932,-0.6648991325315698
-0.031898295022227234,-0.5074844557152045
0.05597442770166012,-0.5373136499525274
0.17333222790638356,0.8375309053978972
-0.2344844157557172,0.14965937315967479
-0.0944128907293024,-0.3717199261420035
-0.2069444440566705,0.16967391415230423
0.09890930603784784,0.16933332564179027
0.0623683678315887,0.043009142461035495
-0.22322263228495345,0.6743143904391491
-0.25315219450272536,-0.39677917588209627
0.06663646266102362,0.20874217202789272
-0.010201274460935267,-0.6067249150550255
-0.37975926354381984,-0.9395820694676732
0.005901627779743039,0.9725859190315062
-0.025795057467792395,-0.6284621281719408
0.07006802476245062,0.39036948523452497
-0.003082418448861368,0.5208348610939667
-0.33323473862226377,0.7845086830601254
-0.05064465701736375,-0.6924473747002609
-0.3298048572980882,-0.13003459116037655
-0.22480291076012057,0.46540568899819823
-0.01841416771813944,-0.6908726092173063
-0.32014790392239284,-0.4970486249998707
-0.08663289531663793,-0.3210832170603272
-0.21058587773328755,-0.6629458735493231
0.023710184988531502,0.8022421895993339
0.05216436024288029,0.5019911759823589
-0.14963472140326584,-0.11885052179754885
0.07001954851907755,-0.6416463204352332
-0.13710434482185097,0.4734620485320928
-0.10390746693133934,0.8464730010494713
-0.046812313797853555,1.0359559835119752
-0.24017320877342385,0.3351962302144647
0.08574541535934355,0.5829819690546512
-0.17814539598380108,-0.4945570125463059
-0.16830326414248375,-0.3536751527840026
-0.11790278605522264,0.0018897923731160296
-0.015561484647060198,-0.9146002884900637
-0.1798284689086227,-0.48352541704570723
-0.17150709579100631,-0.5160519284251549
-0.13421054100115182,-0.6296859354298439
-0.3226881744532104,0.8707703473984881
0.01402532667972789,-0.9976439827698477
-0.17531610034512468,0.5011482319101275
-0.04296249667119323,-1.011705046907309
-0.27818003019356663,0.24141533624494682
-0.013254435774991968,0.9053506154891571
-0.09150270022860063,0.00011536083947687505
-0.3229042739387591,0.9617550301104544
-0.12915767540337875,0.16889289729301712
-0.03667114952653172,-0.26546711123971856
-0.1900224554371137,-0.9536426368437495
-0.12004897525641578,0.09035532706386792
-0.13154134045733112,-0.11078330035983486
-0.3214505124669724,-1.0205357551346201
-0.09500345084014317,-0.7904073150598785
-0.15902620762817588,-0.052883466413659104
-0.0826548351877916,0.10307120879202347
-0.2908769167940921,0.3197145644081313
0.03315951580207788,0.8938068714005072
0.05514890260091132,-0.36320195256259136
-0.3174354119652518,-0.43963850300756974
-0.01165922045316048,-0.35180804199257265
-0.08410507474947515,0.13439868497533303
-0.11430693502728939,-0.7085016112330549
0.022101493376024628,0.5696520638570102
-0.0267434086849887,-0.10921682146079707
-0.04785429172444999,0.1496914298899539
-0.10946670493479882,-0.7796556519053416
-0.17454471220876133,0.2707819332285961
0.07104515925232935,-0.4110883368600974
-0.07589901640326069,1.0091267958135224
-0.08047907747404714,0.9616675429544215
0.07439628796763564,0.0107067509558602
-0.1744943553382825,-0.6127019495611206
-0.25773766362027395,-0.9341892810598796
-0.0569207436783552,0.9229812402015247
-0.29702705943068075,-0.6598595139188077
-0.18224042170966115,-0.1607072649599253
-0.22217452729413445,0.1673178209539156
-0.12900989529950824,-1.0005111079527207
-0.09673876028990147,0.6027097979583254
-0.056585033198422785,-0.8627365115961582
-0.0991002470196225,-0.1544889187798947
-0.02900266264829643,-0.9449065441989177
-0.016412103200249106,0.4462555409247116
0.04426571326826512,-0.9919140926283072
-0.11612257357814126,-0.5896606810851164
-0.1268306460111175,0.07867616773089803
-0.19673344910062074,0.40913496511576253
-0.04189921869627877,0.11626427227266282
-0.12714293163080814,-0.9113676218658248
-0.030558268373624742,-0.028129051958291323
-0.14355754783946217,0.7477434518252635
-0.2511039038177856,-0.07911519912011267
-0.20157807913119896,-0.08953601637743186
-0.29923560079032097,0.04773978160968896
0.05608780485677034,0.6485767406211597
0.004288220850797941,-0.5635041833387907
-0.2062700684287071,0.02230125907773762
0.024361010874389244,-0.6367473156979034
-0.1226771173305643,0.5445755950624058
-0.2927970146362222,-0.37233109186776703
-0.21056637805525114,-0.6680376293669518
-0.1402544490737876,-0.7848783582541311
-0.24888246538722658,0.646461664868594
-0.040564149863876686,1.0175485450163733
0.0104127176318487,0.11620377279784162
-0.01706971848103489,-0.9989886438095484
-0.22362155769678527,0.6023972810338988
0.015546614744959442,-0.14806117013783926
0.0953083420890799,0.5930370460071385
-0.1422082230451558,-0.03270031202276755
-0.2283533083957554,-0.2196774971610026
-0.24243449017223817,-0.5554596198273113
-0.113590482881576,0.07466547759946103
-0.19957872673811536,-0.8833609732880077
-0.1471084785738075,0.05747581694879712
-0.10765799940950356,-0.42619829849479707
-0.31322009727683475,0.4856413230444275
-0.3703145264975959,0.4780194076651523
-0.19522343590393632,0.5876303412703217
0.10464015518998306,0.18365858711905894
-0.3513488037607894,-0.15760046351305565
0.06541995895289968,0.22165922850419417
-0.0647668144027449,-0.047171552188059275
0.0954054844901838,-0.31331839447205106
0.04497351030078461,0.6239679569121545
-0.34093729414942925,-0.4271971840653418
-0.05792707418022742,-1.0415092292351973
0.014587280723865751,-0.3453862632458317
0.011965586505797874,-0.9950772112833512
0.01698447905830039,0.7085111499923478
0.08299529582801266,-0.8476543814322468
-0.2453368127105458,-0.5336889540001618
0.12567775309126292,-0.31626122614770497
-0.4096261458591755,-0.8992702050800911
0.13844373866412166,0.19546541174347234
-0.18215476953740603,0.6230082662683386
-0.09777621949688685,1.0282432071716534
-0.03295286941666421,0.15932066809516512
0.05507677782398784,0.9590898760826098
0.11667854839497768,0.7777271051440875
0.018474235919276275,0.046776033454718834
-0.31416428732785817,-0.050931835345831844
-0.08755715375287698,-0.013478753514461246
-0.054809807906914046,-0.03929017235717221
-0.176934789383721,0.7980474747684928
-0.07523449121912071,0.2828662920839416
-0.2877673953463359,-0.12254635930881555
-0.25003623990002927,0.24995229988363513
-0.11907922488635156,0.7780282635973238
-0.008111749977815344,0.640765362170906
-0.030399529140676847,0.6770570543476059
-0.30373537732985734,0.6691433008017664
0.09787218759725569,-0.3512603790968637
0.03163008014131452,-0.24673763835687337
-0.15126297303709219,1.0333215772368516
0.10638942864567734,0.7070681883715408
-0.15485957287636765,0.7313151373994441
-0.22330851264337048,-0.011437909650745377
0.03286624403440764,0.2990978114823566
0.08258362748289516,0.2839733099593966
-0.0692323903302747,0.5917662600991757
-0.033424175341378336,-0.15596076275364637
-0.010810257617861595,-0.1864353083570625
-0.08146726225287317,0.7711078354145492
-0.4090320930066139,-0.692566669388485
0.20027262432819498,-0.0733472394399361
0.08997479801249891,-0.312917590477275
-0.10221681254042533,0.741031223586661
-0.03486865169717009,0.5736066536374181
-0.5249013496910713,0.19265422923538925
-0.22372176601476215,-0.39325774163855914
-0.10836383335727663,0.8935315524068731
-0.16383213179090433,-0.06680661394422488
-0.21001149244395495,-0.7451985313691355
-0.45186264845090596,0.6851810086957092
-0.24577190114602582,0.19243367003887896
0.032549201810724175,0.5036503367686017
0.10342542855652073,0.45013315216325955
0.021607919382804285,0.4862224795430061
-0.4288200318111425,0.13270704112399243
-0.22650753452319705,-0.9570764088197208
-0.25785748958558313,-0.4534876729240718
-0.29845963778456747,0.8644284373056437
-0.21982813527081638,-0.7148603452878417
-0.17248286085901748,0.6816684805416182
-0.09219297858537025,0.07918181690431265
-0.0614727155624766,-0.4816254617348299
0.04023128922421619,-0.06753398523692392
-0.31989759305040033,-0.8786869838472604
0.024111443891187953,0.971165900041717
0.07825056603794663,-0.5921202581797673
-0.061576235940611734,-0.47290783323920016
-0.2040721895915281,0.9035769310181043
-0.13854224515447933,-0.3064929192358214
-0.24258232286616874,0.6463599097235518
0.2256181224810644,0.010835925761652002
0.03577079572758831,-0.611522555048219
0.04531437746756102,0.23565436982141683
-0.25894510464807446,-0.8139388088167843
-0.04216773803162341,-0.9012892625891048
-0.10399114533186916,-0.8553381356763727
-0.46924477012253146,0.22571202031855775
